SLang;TLang;Source Text;Target Text;Domain;Object Name;Collection
de-DE;en-US;Abbrechen;Cancel;CO;0KE9
de-DE;en-US;Adresse;Address;CO;0KE9
de-DE;en-US;Akt. Sicht anzeigen;Display current view;CO;0KE9
de-DE;en-US;Akt. Sicht pflegen;Maintain current view;CO;0KE9
de-DE;en-US;Alle Geänderten;All changed entries;CO;0KE9
de-DE;en-US;Alle Hinzugefügten;All new entries;CO;0KE9
de-DE;en-US;Alle Mark. löschen;Deselect all;CO;0KE9
de-DE;en-US;Alle Markierten;All selected entries;CO;0KE9
de-DE;en-US;Alle in Korrektur;All in Correction;CO;0KE9
de-DE;en-US;Alle markieren;Select all;CO;0KE9
de-DE;en-US;Alle nicht in Korr.;All Not in Correction;CO;0KE9
de-DE;en-US;Andere Sicht;Other view;CO;0KE9
de-DE;en-US;Anderer Eintrag...;Other entry...;CO;0KE9
de-DE;en-US;Aus Korr. löschen;Delete from correction;CO;0KE9
de-DE;en-US;Auswählen;Choose;CO;0KE9
de-DE;en-US;Bearbeiten;Edit;CO;0KE9
de-DE;en-US;Beenden;Exit;CO;0KE9
de-DE;en-US;Block markieren;Select block;CO;0KE9
de-DE;en-US;Detail;Details;CO;0KE9
de-DE;en-US;Drucken;Print;CO;0KE9
de-DE;en-US;Erste Seite;First page;CO;0KE9
de-DE;en-US;Feldinhalt ändern...;Change field contents...;CO;0KE9
de-DE;en-US;Gelöschte anzeigen;Display deleted entries;CO;0KE9
de-DE;en-US;In Korr. aufnehmen;Add to correction;CO;0KE9
de-DE;en-US;Kopieren als...;Copy as...;CO;0KE9
de-DE;en-US;Letzte Seite;Last page;CO;0KE9
de-DE;en-US;Löschen;Delete;CO;0KE9
de-DE;en-US;Markieren;Select;CO;0KE9
de-DE;en-US;Markierungen;Selections;CO;0KE9
de-DE;en-US;Nach Inhalten...;By contents...;CO;0KE9
de-DE;en-US;Neue Einträge;New entries;CO;0KE9
de-DE;en-US;Neue Einträge: Detail Hinzugefügte;New Entries: Details of Added Entries;CO;0KE9
de-DE;en-US;Neue Einträge: Übersicht Hinzugefügte;New Entries: Overview of Added Entries;CO;0KE9
de-DE;en-US;Nächste Seite;Next page;CO;0KE9
de-DE;en-US;Nächster Eintrag;Next entry;CO;0KE9
de-DE;en-US;Sichern;Save;CO;0KE9
de-DE;en-US;Sicht & Eintrag kopieren als: Zieleintrag;Copy Entry from View "&": Target Entry;CO;0KE9
de-DE;en-US;Sicht & Einträge kopieren als: Zieleinträge;Copy Entries from View "&": Target Entries;CO;0KE9
de-DE;en-US;Sicht & anzeigen: Detail;Display View "&": Details;CO;0KE9
de-DE;en-US;Sicht & anzeigen: Detail Auswahlmenge;Display View "&": Details of Selected Set;CO;0KE9
de-DE;en-US;Sicht & anzeigen: Übersicht;Display View "&": Overview;CO;0KE9
de-DE;en-US;Sicht & anzeigen: Übersicht Auswahlmenge;Display View "&": Overview of Selected Set;CO;0KE9
de-DE;en-US;Sicht & transportieren: Detail;Transport View "&": Details;CO;0KE9
de-DE;en-US;Sicht & transportieren: Detail Auswahlmenge;Transport View "&": Details of Selected Set;CO;0KE9
de-DE;en-US;Sicht & transportieren: Übersicht;Transport View "&": Overview;CO;0KE9
de-DE;en-US;Sicht & transportieren: Übersicht Auswahlmenge;Transport View "&": Overview of Selected Set;CO;0KE9
de-DE;en-US;Sicht & ändern: Detail;Change View "&": Details;CO;0KE9
de-DE;en-US;Sicht & ändern: Detail Auswahlmenge;Change View "&": Details of Selected Set;CO;0KE9
de-DE;en-US;Sicht & ändern: Detail Gelöschte;Change View "&": Details of Deleted Entries;CO;0KE9
de-DE;en-US;Sicht & ändern: Übersicht;Change View "&": Overview;CO;0KE9
de-DE;en-US;Sicht & ändern: Übersicht Auswahlmenge;Change View "&": Overview of Selected Set;CO;0KE9
de-DE;en-US;Sicht & ändern: Übersicht gelöschte;Change View "&": Overview of Deleted Entries;CO;0KE9
de-DE;en-US;Springen;Goto;CO;0KE9
de-DE;en-US;Tabellensicht;Table view;CO;0KE9
de-DE;en-US;Vorige Seite;Previous page;CO;0KE9
de-DE;en-US;Voriger Eintrag;Previous entry;CO;0KE9
de-DE;en-US;Zurück;Back;CO;0KE9
de-DE;en-US;Zurück zum Original;Back to original;CO;0KE9
de-DE;en-US;Zurückholen;Retrieve;CO;0KE9
de-DE;en-US;Übernehmen;Confirm;CO;0KE9
de-DE;en-US;Übersicht;Overview;CO;0KE9
de-DE;en-US;Überspringen;Skip;CO;0KE9
de-DE;en-US;<Objekt>;<Object>;CO;0KEE
de-DE;en-US;Abgrenzen;Delimit;CO;0KEE
de-DE;en-US;Alle Mark. löschen;Deselect All;CO;0KEE
de-DE;en-US;Alle entmarkieren;Deselect all;CO;0KEE
de-DE;en-US;Alle in Auftrag;All in request;CO;0KEE
de-DE;en-US;Alle markieren;Select All;CO;0KEE
de-DE;en-US;Alle nicht in Auftr.;All not in request;CO;0KEE
de-DE;en-US;Anzeigen -> Ändern;Display -> Change;CO;0KEE
de-DE;en-US;Anzeigen <-> Ändern;Display <-> Change;CO;0KEE
de-DE;en-US;Aufr. <-> Verb.;Expand <-> collapse;CO;0KEE
de-DE;en-US;Aufträge (Organizer);Change Requests (Organizer);CO;0KEE
de-DE;en-US;Aus Auftr. löschen;Delete from Request;CO;0KEE
de-DE;en-US;Ausnahmen;Exceptions;CO;0KEE
de-DE;en-US;Auswahl;Choose;CO;0KEE
de-DE;en-US;Bedienungsanleitung;User instructions;CO;0KEE
de-DE;en-US;Blockende;End of block;CO;0KEE
de-DE;en-US;Blockende markieren;Select end of block;CO;0KEE
de-DE;en-US;Eintrag markieren;Select entry;CO;0KEE
de-DE;en-US;Feldinhalt ändern...;Change Field Contents...;CO;0KEE
de-DE;en-US;Formular;Form;CO;0KEE
de-DE;en-US;Gültigkeit abgrenzen;Define validity;CO;0KEE
de-DE;en-US;Hilfsmittel;Utilities;CO;0KEE
de-DE;en-US;In Auftr. aufnehmen;Include in Request;CO;0KEE
de-DE;en-US;Markierungen;Select;CO;0KEE
de-DE;en-US;Neue Einträge;New Entries;CO;0KEE
de-DE;en-US;Positionieren...;Position cursor...;CO;0KEE
de-DE;en-US;Sicht "&" Eintrag kopieren als: Zieleintrag;Copy Entry in View "&": Target Entry;CO;0KEE
de-DE;en-US;Sicht "&" Einträge kopieren als: Zieleinträge;Copy Entries in View "&": Target Entries;CO;0KEE
de-DE;en-US;Sicht "&" Gültigkeit abgrenzen: neue Einträge;Define Validity in View "&": New Entries;CO;0KEE
de-DE;en-US;Sicht "&" Gültigkeit abgrenzen: neuer Eintrag;Define Validity in View "&": New Entry;CO;0KEE
de-DE;en-US;Sicht "&" anzeigen: Detail;Display View "&": Details;CO;0KEE
de-DE;en-US;Sicht "&" anzeigen: Detail Auswahlmenge;Display View "&": Details of Selected Set;CO;0KEE
de-DE;en-US;Sicht "&" anzeigen: Übersicht;Display View "&": Overview;CO;0KEE
de-DE;en-US;Sicht "&" anzeigen: Übersicht Auswahlmenge;Display View "&": Overview of Selected Set;CO;0KEE
de-DE;en-US;Sicht "&" transportieren: Detail;Transport View "&": Details;CO;0KEE
de-DE;en-US;Sicht "&" transportieren: Detail Auswahlmenge;Transport View "&": Details of Selected Set;CO;0KEE
de-DE;en-US;Sicht "&" transportieren: Übersicht;Transport View "&": Overview;CO;0KEE
de-DE;en-US;Sicht "&" transportieren: Übersicht Auswahlmenge;Transport View "&": Overview of Selected Set;CO;0KEE
de-DE;en-US;Sicht "&" ändern: Detail;Change View "&": Details;CO;0KEE
de-DE;en-US;Sicht "&" ändern: Detail Auswahlmenge;Change View "&": Details of Selected Set;CO;0KEE
de-DE;en-US;Sicht "&" ändern: Detail Gelöschte;Change View "&": Details of Deleted Entries;CO;0KEE
de-DE;en-US;Sicht "&" ändern: Übersicht;Change View "&": Overview;CO;0KEE
de-DE;en-US;Sicht "&" ändern: Übersicht Auswahlmenge;Change View "&": Overview of Selected Set;CO;0KEE
de-DE;en-US;Sicht "&" ändern: Übersicht Gelöschte;Change View "&": Overview of Deleted Entries;CO;0KEE
de-DE;en-US;Sprachen wählen;Choose languages;CO;0KEE
de-DE;en-US;Texte in weiteren Sprachen anzeigen;Display Texts in Other Languages;CO;0KEE
de-DE;en-US;Texte in weiteren Sprachen pflegen;Maintain Texts in Other Languages;CO;0KEE
de-DE;en-US;Umfeld;Environment;CO;0KEE
de-DE;en-US;Verwendungsnachweis anzeigen;Display Where-Used List;CO;0KEE
de-DE;en-US;WEITER;Continue;CO;0KEE
de-DE;en-US;Weiter;Continue;CO;0KEE
de-DE;en-US;Zusätze;Extras;CO;0KEE
de-DE;en-US;\bernehmen;Copy;CO;0KEE
de-DE;en-US;Ändern -> Anzeigen;Change -> Display;CO;0KEE
de-DE;en-US;Änderung widerrufen;Undo change;CO;0KEE
de-DE;en-US;Änderungsprotokolle;Change Logs;CO;0KEE
de-DE;en-US;Änderungsprotokolle anzeigen;Display change logs;CO;0KEE
de-DE;en-US;Übersetzung;Translation;CO;0KEE
de-DE;en-US;Übersichtsliste;Overview list;CO;0KEE
de-DE;en-US;Übersichtsliste für Ausnahmen anzeigen;Display overview list for exceptions;CO;0KEE
de-DE;en-US;Auffrischen;Refresh;CO;0KER
de-DE;en-US;Aufr. <-> Verb.;Expand <-> Collapse;CO;0KER
de-DE;en-US;Aufträge (Organizer);Change requests (Organizer);CO;0KER
de-DE;en-US;Ausschnitt setzen;Set focus;CO;0KER
de-DE;en-US;Auswählen/Navigieren;Select/Navigate;CO;0KER
de-DE;en-US;Bedienungsanleitung;User Instructions;CO;0KER
de-DE;en-US;Einträge auswählen;Choose entries;CO;0KER
de-DE;en-US;Erweiterter Formeleditor;Enhanced Formula Editor;CO;0KER
de-DE;en-US;Farblegende;Color legend;CO;0KER
de-DE;en-US;Farblegende anzeigen;Display color legend;CO;0KER
de-DE;en-US;Fehler in der Formeldefinition;Error in Formula Definition;CO;0KER
de-DE;en-US;Formeleditor;Formula editor;CO;0KER
de-DE;en-US;Formeleditor für Summen und Differenzen;Formula Editor for Totals and Differences;CO;0KER
de-DE;en-US;Grundformel;Basic formula;CO;0KER
de-DE;en-US;In Auftr. aufnehmen;Include in request;CO;0KER
de-DE;en-US;Information zum Rechenschema;Information on key figure scheme;CO;0KER
de-DE;en-US;Layout wechseln;Switch layout;CO;0KER
de-DE;en-US;Liste erzeugen;Generate list;CO;0KER
de-DE;en-US;Nächster Bruder;Next same-level node;CO;0KER
de-DE;en-US;Ohne Prüfen;Without check;CO;0KER
de-DE;en-US;Prüfen;Check;CO;0KER
de-DE;en-US;Rechenschema prüfen;Check key figure scheme;CO;0KER
de-DE;en-US;Sicht "&" ändern: Übersicht gelöschte;Change View "&": Overview of Deleted Entries;CO;0KER
de-DE;en-US;Suchen;Find;CO;0KER
de-DE;en-US;Teilbaum;Subtree;CO;0KER
de-DE;en-US;Teilbaum expandieren;Expand subtree;CO;0KER
de-DE;en-US;Teilbaum komprimier.;Collapse subtree;CO;0KER
de-DE;en-US;Texte in weiteren Sprachen pflegen;Maintain texts in other languages;CO;0KER
de-DE;en-US;Vorheriger Bruder;Previous brother;CO;0KER
de-DE;en-US;Weiter suchen;Find next;CO;0KER
de-DE;en-US;Zurück springen;Back a step;CO;0KER
de-DE;en-US;Zurück zum Anfang springen;Return to beginning;CO;0KER
de-DE;en-US;Übernehmen ohne Prüfung;No check;CO;0KER
de-DE;en-US;Übernehmen und Prüfen;Confirm and check;CO;0KER
de-DE;en-US;Übersichtsliste des Rechenschemas anzeigen;Display overview list for key figure scheme;CO;0KER
de-DE;en-US;Alle Gelöschten;All deleted entries;CO;0KES
de-DE;en-US;Alle in Auftrag;All in order;CO;0KES
de-DE;en-US;Alle nicht in Auftr.;Not all in order;CO;0KES
de-DE;en-US;Auswahl;Selection;CO;0KES
de-DE;en-US;Feldinhalt dndern...;Change field contents...;CO;0KES
de-DE;en-US;Feldinhalt ändern;Change field content;CO;0KES
de-DE;en-US;Kopieren als;Copy as;CO;0KES
de-DE;en-US;Nach Inhalten;By contents;CO;0KES
de-DE;en-US;Positionieren;Position;CO;0KES
de-DE;en-US;Sicht "&" ändern: übersicht;Change View "&": Overview;CO;0KES
de-DE;en-US;Sort Ascending;Sort ascending;CO;0KES
de-DE;en-US;Sort Descending;Sort descending;CO;0KES
de-DE;en-US;Var. Liste;Variable list;CO;0KES
de-DE;en-US;Variierbare Liste;Variable list;CO;0KES
de-DE;en-US;Verwendungsnachweis;Where-used list;CO;0KES
de-DE;en-US;\bernehmen;Adopt;CO;0KES
de-DE;en-US;Anzeigen;Display;CO;0KEU
de-DE;en-US;Korrigieren...;Correct...;CO;0KEU
de-DE;en-US;Ändern;Change;CO;0KEU
de-DE;en-US;Adresse bearb.;Edit Address;CO;0KMA
de-DE;en-US;Adresse bearbeiten;Edit Address;CO;0KMA
de-DE;en-US;Alle Geänderten;All Changed Entries;CO;0KMA
de-DE;en-US;Alle Hinzugefügten;All New Entries;CO;0KMA
de-DE;en-US;Alle Markierten;All Selected Entries;CO;0KMA
de-DE;en-US;Andere Sicht;Other View;CO;0KMA
de-DE;en-US;Anderer Eintrag...;Other Entry...;CO;0KMA
de-DE;en-US;Aus Korr. löschen;Delete from Correction;CO;0KMA
de-DE;en-US;Auswählen;Select;CO;0KMA
de-DE;en-US;Block markieren;Select Block;CO;0KMA
de-DE;en-US;Einträge hinzufügen: Detail Hinzugefügte;Create Entries: Details of New Entries;CO;0KMA
de-DE;en-US;Einträge hinzufügen: Übersicht Hinzugefügte;Create Entries: Overview of New Entries;CO;0KMA
de-DE;en-US;Erste Seite;First Page;CO;0KMA
de-DE;en-US;Gelöschte anzeigen;Display Deleted Entries;CO;0KMA
de-DE;en-US;In Korr. aufnehmen;Add to Correction;CO;0KMA
de-DE;en-US;Kopieren als...;Copy As...;CO;0KMA
de-DE;en-US;Letzte Seite;Last Page;CO;0KMA
de-DE;en-US;Nach Inhalten...;By Contents...;CO;0KMA
de-DE;en-US;Nächste Seite;Next Page;CO;0KMA
de-DE;en-US;Nächster Eintrag;Next Entry;CO;0KMA
de-DE;en-US;Sicht & Eintrag kopieren: Zieleintrag;Copy Entry from View "&": Target Entry;CO;0KMA
de-DE;en-US;Sicht & Einträge kopieren: Zieleinträge;Copy Entries from View "&": Target Entries;CO;0KMA
de-DE;en-US;Tabellensicht;Table View;CO;0KMA
de-DE;en-US;Vorige Seite;Previous Page;CO;0KMA
de-DE;en-US;Voriger Eintrag;Previous Entry;CO;0KMA
de-DE;en-US;Zurück zum Original;Back to Original;CO;0KMA
de-DE;en-US;Abgrenzen;Limit validity;CO;0KMP
de-DE;en-US;Anderer Mandant...;Other Client...;CO;0KMP
de-DE;en-US;Anderes System...;Other System...;CO;0KMP
de-DE;en-US;Auftragsverwaltung;Request management;CO;0KMP
de-DE;en-US;Mandant 000;Client 000;CO;0KMP
de-DE;en-US;Standardliste;Standard list;CO;0KMP
de-DE;en-US;Änderung widerufen;Undo;CO;0KMP
de-DE;en-US;Übernehmen;Transfer;CO;0KMP
de-DE;en-US;Anlegen;Create;CO;0KSK
de-DE;en-US;Anzeigen Zuordnungen;Display Assignments;CO;0KSK
de-DE;en-US;Anzeigen alle Verw.;Display All References;CO;0KSK
de-DE;en-US;KoRechKrs setzen...;Set Controlling Area...;CO;0KSK
de-DE;en-US;Stammdaten;Master Data;CO;0KSK
de-DE;en-US;Statist. Kennzahl;Statistical Key Figure;CO;0KSK
de-DE;en-US;Statistische Kennzahl anlegen: &;Create Statistical Key Figure: &;CO;0KSK
de-DE;en-US;Statistische Kennzahl anzeigen: &;Display Statistical Key Figure: &;CO;0KSK
de-DE;en-US;Statistische Kennzahl löschen: &;Delete Statistical Key Figure: &;CO;0KSK
de-DE;en-US;Statistische Kennzahl ändern: &;Change Statistical Key Figure: &;CO;0KSK
de-DE;en-US;Trennung LIS;Separate from LIS;CO;0KSK
de-DE;en-US;Verbindung LIS;Link to LIS;CO;0KSK
de-DE;en-US;Adresse bearb.;Edit address;MM;0ME3
de-DE;en-US;Adresse bearbeiten;Edit address;MM;0ME3
de-DE;en-US;Sicht & Eintrag kopieren: Zieleintrag;Copy Entry in View "&": Target Entry;MM;0ME3
de-DE;en-US;Sicht & Einträge kopieren: Zieleinträge;Copy Entries in View "&": Target Entries;MM;0ME3
de-DE;en-US;Übernehmen;Adopt;MM;0ME3
de-DE;en-US;Belegarten & &;Document Types & &;MM;0ME8
de-DE;en-US;Serialnr.-Profile: & (&) / &;Serial Number Profiles: & (&) / &;MM;0ME8
de-DE;en-US;Verknüpfung Banf - Belegart für Belegart & &;Linkage Requisition - Document Type for Document Type & &;MM;0ME8
de-DE;en-US;Zulässige Positionstypen für Belegart & &;Admissible Item Categories for Document Type & &;MM;0ME8
de-DE;en-US;Partnerkonfiguration Materialwirtschaft;Partner Configuration: Materials Management;MM;0ME9
de-DE;en-US;Sicht "Partnerschemata &" &: Übersicht;View "Partner Schemas &" &: Overview;MM;0ME9
de-DE;en-US;Alle nicht in Korr.;All not in correction;MM;0MEE
de-DE;en-US;Sicht & Eintrag kopieren als: Zieleintrag;Copy Entry in View "&": Target Entry;MM;0MEE
de-DE;en-US;Sicht & Einträge kopieren als: Zieleinträge;Copy Entries in View "&": Target Entries;MM;0MEE
de-DE;en-US;Anzeigen Eigenschaften Positionstyp &1;Display Attributes: Item Category &1;MM;0MEP
de-DE;en-US;& Textarten: Kopftexte &;& Text Types: Header Texts &;MM;0MET
de-DE;en-US;& Textarten: Positionstexte &;& Text Types: Item Texts &;MM;0MET
de-DE;en-US;& Textverknüpfungen: Kopftexte &;& Text Linkages: Header Texts &;MM;0MET
de-DE;en-US;& Textverknüpfungen: Positionstexte &;& Text Linkages: Item Texts &;MM;0MET
de-DE;en-US;Alle in Auftrag;All entries in request;PY;0PO0
de-DE;en-US;Alle nicht in Auftr.;All entries not in request;PY;0PO0
de-DE;en-US;Aufträge (Organizer);Requests (Organizer);PY;0PO0
de-DE;en-US;Aus Auftr. löschen;Delete from request;PY;0PO0
de-DE;en-US;Blockende;Block end;PY;0PO0
de-DE;en-US;Gültigkeit abgrenzen;Delimit validity;PY;0PO0
de-DE;en-US;Var. Liste;Variant list;PY;0PO0
de-DE;en-US;Alle entmarkieren;Deselect All;PP;0PP0
de-DE;en-US;Alle in Auftrag;All Entries in Request;PP;0PP0
de-DE;en-US;Alle nicht in Auftr.;All Entries Not in Request;PP;0PP0
de-DE;en-US;Aufträge (Organizer);Orders (Organizer);PP;0PP0
de-DE;en-US;Eintrag markieren;Select Entry;PP;0PP0
de-DE;en-US;Feldinhalt ändern...;Change Field Content...;PP;0PP0
de-DE;en-US;Generieren;Generate;PP;0PP0
de-DE;en-US;Generieren Objekt;Generate Object;PP;0PP0
de-DE;en-US;Gültigkeit abgrenzen;Delimit Validity;PP;0PP0
de-DE;en-US;Positionieren...;Position Cursor...;PP;0PP0
de-DE;en-US;Sprachen wählen;Choose Languages;PP;0PP0
de-DE;en-US;Änderung widerrufen;Undo Change;PP;0PP0
de-DE;en-US;Abgrenzen;Limit Validity;IS;0RECA_TIVCARECUR
de-DE;en-US;Alle aus BC-Set;All Entries from BC Set;IS;0RECA_TIVCARECUR
de-DE;en-US;BC-Set;BC Set;IS;0RECA_TIVCARECUR
de-DE;en-US;Blockende;End of Block;IS;0RECA_TIVCARECUR
de-DE;en-US;Blockende markieren;Select End of Block;IS;0RECA_TIVCARECUR
de-DE;en-US;Detaillierte Terminserie anzeigen;Display Detailed Recurring Appointment;IS;0RECA_TIVCARECUR
de-DE;en-US;Gültigkeit abgrenzen;Define Validity;IS;0RECA_TIVCARECUR
de-DE;en-US;Terminserie;Recurring Appointment;IS;0RECA_TIVCARECUR
de-DE;en-US;Übernehmen;Copy;IS;0RECA_TIVCARECUR
de-DE;en-US;Bearbeitungsart;Processing Type;KM;0SI1
de-DE;en-US;Hilfe zur Anwendung;Application Help;KM;0SI1
de-DE;en-US;Akt. Sicht anzeigen;Display Current View;BC;0SME
de-DE;en-US;Akt. Sicht pflegen;Maintain Current View;BC;0SME
de-DE;en-US;Alle in Auftrag;All in Request;BC;0SVM
de-DE;en-US;Alle nicht in Auftr.;All Not in Request;BC;0SVM
de-DE;en-US;Profil anzeigen;Display Profile;BC;0SVM
de-DE;en-US;Weiter suchen;Find Next;BC;0SVM
de-DE;en-US;Sicht & Eintrag kopieren: Zieleintrag;Copy View & Entry: Target Entry;IS;0V05
de-DE;en-US;Sicht & Einträge kopieren: Zieleinträge;Copy View & Entries: Target Entries;IS;0V05
de-DE;en-US;Nächste S.;Next page;IS;0V06
de-DE;en-US;Sicht & Eintrag kopieren als: Zieleintrag;View & Copy Entry as: Target Entry;IS;0V06
de-DE;en-US;Vorige S.;Previous page;IS;0V06
de-DE;en-US;Abgrenzen;Limit;IS;0V26
de-DE;en-US;Anzeigen -> Ändern;Display -> change;IS;0V26
de-DE;en-US;Druck Standardliste;Print standard list;IS;0V26
de-DE;en-US;Feldmodifikation;Field modification;IS;0V26
de-DE;en-US;Vorbelegung;Preassignment;IS;0V26
de-DE;en-US;Ändern -> Anzeigen;Change -> display;IS;0V26
de-DE;en-US;Alle in Auftrag;All Entries in Order;LE;0VFK
de-DE;en-US;Alle nicht in Auftr.;All Entries not in Order;LE;0VFK
de-DE;en-US;Standardliste;Standard List;LE;0VFK
de-DE;en-US;Texte in weiteren Sprachen erfassen;Create Texts in Other Languages;LE;0VFK
de-DE;en-US;Var. Liste;Variable List;LE;0VFK
de-DE;en-US;Variierbare Liste;Variable List;LE;0VFK
de-DE;en-US;100% Pruefung;100% check;IS;0VRP
de-DE;en-US;Neue Prüfung;New check;IS;0VRP
de-DE;en-US;Sicht & Eintrag kopieren als: Zieleintrag;Copy View "&" and Entry as: Target Entry;TR;0ZW1
de-DE;en-US;Sicht & Einträge kopieren als: Zieleinträge;Copy View "&" and Entries as: Target Entries;TR;0ZW1
de-DE;en-US;Als Voreinstellung;As default values;FI;AAPM
de-DE;en-US;Als Voreinstellung sichern;Save as default values;FI;AAPM
de-DE;en-US;Daten;Data;FI;AAPM
de-DE;en-US;Markierung ein/aus;Selection on/off;FI;AAPM
de-DE;en-US;OrgEbenen;Organizational levels;FI;AAPM
de-DE;en-US;Sichern als Voreinstellung;Save as default values;FI;AAPM
de-DE;en-US;Voreinstellung;Default values;FI;AAPM
de-DE;en-US;Zu synchronisierende Feldinhalte;Field Contents to be Synchronized;FI;AAPM
de-DE;en-US;AfA-Simulationsdaten;Depreciation simulation data;IM;AIA1
de-DE;en-US;Allgemeine Daten;General data;IM;AIA1
de-DE;en-US;Andere Anforderung;Other approp. request;IM;AIA1
de-DE;en-US;Anforderung;Approp. request;IM;AIA1
de-DE;en-US;Anforderung anlegen;Create approp. request;IM;AIA1
de-DE;en-US;Anforderung kopieren;Copy approp. request;IM;AIA1
de-DE;en-US;Anforderung löschen;Delete approp. request;IM;AIA1
de-DE;en-US;Anforderungen selektieren;Select Appropriation Requests;IM;AIA1
de-DE;en-US;Anforderungsnummer;Approp. request number;IM;AIA1
de-DE;en-US;Anforderungsnummer geschützt;App.request no. protected;IM;AIA1
de-DE;en-US;Anforderungsnummer änderbar;App.request no. modifiable;IM;AIA1
de-DE;en-US;Anlegen Auftrag;Create Order;IM;AIA1
de-DE;en-US;Anlegen PSP-Element;Create WBS Element;IM;AIA1
de-DE;en-US;Anlegen mit Vorlage;Create with template;IM;AIA1
de-DE;en-US;Anzeige Nummernintervall;Display Number Interval;IM;AIA1
de-DE;en-US;Dokumentenzuordng...;Assgnmt of documents...;IM;AIA1
de-DE;en-US;Einstellungen;Settings;IM;AIA1
de-DE;en-US;Ersetzen d.Maßnahme;Replace w/measure;IM;AIA1
de-DE;en-US;Ertragsplanung;Revenue planning;IM;AIA1
de-DE;en-US;Freigabe zurücknehm.;Cancel release;IM;AIA1
de-DE;en-US;Freigeben;Release;IM;AIA1
de-DE;en-US;Genehm.zurückstellen;Postpone approval;IM;AIA1
de-DE;en-US;Genehmigt;Approved;IM;AIA1
de-DE;en-US;Genehmigung ablehnen;Refuse approval;IM;AIA1
de-DE;en-US;Gesamtplanung;Overall planning;IM;AIA1
de-DE;en-US;Hilfe;Help;IM;AIA1
de-DE;en-US;InvProgram ...;Inv.program...;IM;AIA1
de-DE;en-US;Investitionsanteil;Investment portion;IM;AIA1
de-DE;en-US;KoRechKreis anzeigen;Display controlling area;IM;AIA1
de-DE;en-US;KoRechKreis setzen;Set controlling area;IM;AIA1
de-DE;en-US;Kontextmenü;Context menu;IM;AIA1
de-DE;en-US;Kopieren;Copy;IM;AIA1
de-DE;en-US;Kostenplanung zeigen;Display cost planning;IM;AIA1
de-DE;en-US;Löschen Aufteilung;Delete distribution;IM;AIA1
de-DE;en-US;Maßnahmen / Anlagen;Measures / assets;IM;AIA1
de-DE;en-US;Maßnahmenanforderung;Appropriation request;IM;AIA1
de-DE;en-US;Maßnahmenanforderung anlegen: & &;Create Appropriation Request: & &;IM;AIA1
de-DE;en-US;Maßnahmenanforderung anzeigen: & &;Display Appropriation Request: & &;IM;AIA1
de-DE;en-US;Maßnahmenanforderung auswählen;Choose Appropriation Request;IM;AIA1
de-DE;en-US;Maßnahmenanforderung löschen: & &;Delete Approp. Request: & &;IM;AIA1
de-DE;en-US;Maßnahmenanforderung umbenennen;Rename Appropriation Request;IM;AIA1
de-DE;en-US;Maßnahmenanforderung ändern: & &;Change Appropriation Request: & &;IM;AIA1
de-DE;en-US;Nächstes Bild;Next screen;IM;AIA1
de-DE;en-US;OrgEinheiten;Organizational units;IM;AIA1
de-DE;en-US;Planung Anforderung;Planning for approp. request;IM;AIA1
de-DE;en-US;Planung auf Maßnahme;Planning on measure;IM;AIA1
de-DE;en-US;Planung entsperren;Unlock planning;IM;AIA1
de-DE;en-US;Planung sperren;Lock planning;IM;AIA1
de-DE;en-US;Planwertpflege Variante;Maint. of plan vals for variant;IM;AIA1
de-DE;en-US;Planwertübernahme Maßnahme;Plan val. transfer to measure;IM;AIA1
de-DE;en-US;Projektprofil eingeben;Enter Project Profile;IM;AIA1
de-DE;en-US;Prozentuale Aufteilung Investitionsgründe;Percentage Distribution by Investment Reasons;IM;AIA1
de-DE;en-US;Prozentuale Aufteilung Sparte;Percentage Distribution by Division;IM;AIA1
de-DE;en-US;Prozentuale Aufteilung Umweltschutzgründe;Percentage Dist. by Environmental Investment Reasons;IM;AIA1
de-DE;en-US;Prozentuale Aufteilung Warengruppe;Percentage Distribution by Material Group;IM;AIA1
de-DE;en-US;Prozentuale Aufteilung der Kostenstellen;Percentage Distribution by Cost Center;IM;AIA1
de-DE;en-US;Prozentuale Aufteilung für Geschäftsbereich/Profitcenter;Percentage Distribution for Business Area/ Profit Center;IM;AIA1
de-DE;en-US;Rücknahme Abschluß;Cancel completion;IM;AIA1
de-DE;en-US;Rücknahme Ersetzung;Cancel replacement;IM;AIA1
de-DE;en-US;Rücknahme Löschvorm.;Cancel deletion flag;IM;AIA1
de-DE;en-US;Rücknahme tech.absch;Cancel techn. completion;IM;AIA1
de-DE;en-US;Stammdaten entsperrn;Unlock master data;IM;AIA1
de-DE;en-US;Stammdaten sperren;Lock master data;IM;AIA1
de-DE;en-US;Status zur Varian;Status of variant;IM;AIA1
de-DE;en-US;Status zur Variante;Status of variant;IM;AIA1
de-DE;en-US;System/Anwndrstat...;System/user status...;IM;AIA1
de-DE;en-US;Techn. abschliessen;Complete (technically);IM;AIA1
de-DE;en-US;Variante ...;Variant ...;IM;AIA1
de-DE;en-US;Variante anlegen;Create variant;IM;AIA1
de-DE;en-US;Variante anlegen;Create Variant;IM;AIA1
de-DE;en-US;Variante entsperren;Unlock variant;IM;AIA1
de-DE;en-US;Variante kopieren;Copy variant;IM;AIA1
de-DE;en-US;Variante löschen;Delete variant;IM;AIA1
de-DE;en-US;Variante sperren;Lock variant;IM;AIA1
de-DE;en-US;Variante zur Genehmigung auswählen;Choose Variant for Approval;IM;AIA1
de-DE;en-US;Varianten;Variants;IM;AIA1
de-DE;en-US;Verwaltungsdaten;Administration data;IM;AIA1
de-DE;en-US;Verwaltungsdaten Maßnahmenanforderung;Administrative Data for Appropriation Request;IM;AIA1
de-DE;en-US;Verwaltungsdaten Maßnahmenanforderungsvariante;Administrative Data for Approp. Request Variant;IM;AIA1
de-DE;en-US;Voriges Bild;Previous screen;IM;AIA1
de-DE;en-US;Wechsel Anzeigen <-> Ändern;Switch between display and change;IM;AIA1
de-DE;en-US;Wechsel der Sicht;Change view;IM;AIA1
de-DE;en-US;Zu ersetzende Anlagen;Assets to be Replaced;IM;AIA1
de-DE;en-US;Zu ersetzende Equipments;Equipment to be Replaced;IM;AIA1
de-DE;en-US;Zuordnung Maßnahmen / ersetz. Anlagen;Assignment of measures / Replace assets;IM;AIA1
de-DE;en-US;Zuordnung löschen;Delete Assignment;IM;AIA1
de-DE;en-US;Zur Genehmigung;For approval;IM;AIA1
de-DE;en-US;Änderungsbelege;Change documents;IM;AIA1
de-DE;en-US;Langtext Auswahl;Choose Long Text;IM;AIA7
de-DE;en-US;Langtext pflegen;Maintain long text;IM;AIA7
de-DE;en-US;Kumulieren;Accumulate;IM;AIA9
de-DE;en-US;Kumulieren der Jahreswerte nach Gesamt;Accumulate annual values under overall;IM;AIA9
de-DE;en-US;Planwerte korrigieren;Correct plan values;IM;AIA9
de-DE;en-US;Prüfen auf Datenkonsistenz;Check for data consistency;IM;AIA9
de-DE;en-US;Sich. in PC-Datei...;Save to PC file...;IM;AIAM
de-DE;en-US;Währung;Currency;IM;AIAW
de-DE;en-US;Währung für Zinskurvenart anlegen;Enter currency for yield curve type;IM;AIAW
de-DE;en-US;Zinskurvenart/Referenzzinsen anzeigen;Display yield curve type / reference interest rate;IM;AIAW
de-DE;en-US;Zinskurvenart/Referenzzinsen ändern;Change yield curve type / reference interest rate;IM;AIAW
de-DE;en-US;Anzeigemodus;Display mode;IM;AIAWEB1
de-DE;en-US;Maßnahmenanforderungen Übersichtsplanung: anzeigen;Overview Planning for Appropriation Requests: Display;IM;AIAWEB1
de-DE;en-US;Maßnahmenanforderungen Übersichtsplanung: ändern;Overview Planning for Appropriation Requests: Change;IM;AIAWEB1
de-DE;en-US;Planungsintervall;Planning interval;IM;AIAWEB1
de-DE;en-US;Planungsintervall ändern;Change planning interval;IM;AIAWEB1
de-DE;en-US;Ändernmodus;Change mode;IM;AIAWEB1
de-DE;en-US;Abbrechen ohne Sichern;Cancel without saving;IM;AIA_ECP
de-DE;en-US;Auswahl einer Kalkulation;Select Costing;IM;AIA_ECP
de-DE;en-US;Kalkulation;Cost estimate;IM;AIA_ECP
de-DE;en-US;Vorkalkulation sichern;Save preliminary costing;IM;AIA_ECP
de-DE;en-US;ABC-Analyse;ABC Analysis;IM;AIMR
de-DE;en-US;Alles markieren;Select All;IM;AIMR
de-DE;en-US;AuftRegel anzeigen;Display dist. rule;IM;AIMR
de-DE;en-US;Auswählen...;Choose...;IM;AIMR
de-DE;en-US;Berechnen;Calculate;IM;AIMR
de-DE;en-US;Bericht aufrufen...;Call Up Report...;IM;AIMR
de-DE;en-US;Crystal Reports Datei;Crystal Reports File;IM;AIMR
de-DE;en-US;Crystal-Reports Batch-Printing;Crystal Reports Batch Printing;IM;AIMR
de-DE;en-US;Druckvorschau;Print Preview;IM;AIMR
de-DE;en-US;Eingabemöglichkeiten;Possible Entries;IM;AIMR
de-DE;en-US;Einzelpostenhistorie;Line Item History;IM;AIMR
de-DE;en-US;Erweiterte Ablage der SAP Query;Additional Functions of SAP Query;IM;AIMR
de-DE;en-US;Exportieren;Export;IM;AIMR
de-DE;en-US;Filter löschen;Delete Filter;IM;AIMR
de-DE;en-US;Filter setzen;Set Filter;IM;AIMR
de-DE;en-US;Fixieren bis Spalte;Freeze to Column;IM;AIMR
de-DE;en-US;Fixierung aufheben;Unfreeze Columns;IM;AIMR
de-DE;en-US;Grafik;Graphic;IM;AIMR
de-DE;en-US;Layout auswählen...;Select Layout...;IM;AIMR
de-DE;en-US;Layout sichern...;Save Layout...;IM;AIMR
de-DE;en-US;Layout ändern...;Change Layout...;IM;AIMR
de-DE;en-US;Liste;List;IM;AIMR
de-DE;en-US;Lokale Datei...;Local File...;IM;AIMR
de-DE;en-US;Mail-Empfänger;Mail Recipient;IM;AIMR
de-DE;en-US;Mappe;Folder;IM;AIMR
de-DE;en-US;Mittelwert;Mean Value;IM;AIMR
de-DE;en-US;Nächster Bereich;Next area;IM;AIMR
de-DE;en-US;Optimale Breite;Optimize Width;IM;AIMR
de-DE;en-US;Saldo Investitionsmaßnahme;Balance of the cap. investment measure;IM;AIMR
de-DE;en-US;Senden an;Send To;IM;AIMR
de-DE;en-US;Sichern...;Save...;IM;AIMR
de-DE;en-US;Sichten;Views;IM;AIMR
de-DE;en-US;Sortieren absteigend;Sort in Descending Order;IM;AIMR
de-DE;en-US;Sortieren aufsteig.;Sort in Ascending Order;IM;AIMR
de-DE;en-US;Spalten;Columns;IM;AIMR
de-DE;en-US;Summe;Total;IM;AIMR
de-DE;en-US;Summenaufriß festlegen...;Define Totals Drilldown...;IM;AIMR
de-DE;en-US;Tabellenkalkulation...;Spreadsheet...;IM;AIMR
de-DE;en-US;Textverarbeitung...;Word Processing...;IM;AIMR
de-DE;en-US;URL in Clipboard ablegen;Copy URL to Clipboard;IM;AIMR
de-DE;en-US;Verwalten...;Manage...;IM;AIMR
de-DE;en-US;Vorheriger Bereich;Previous area;IM;AIMR
de-DE;en-US;Zwischensummen...;Subtotals...;IM;AIMR
de-DE;en-US;Zählen;Count;IM;AIMR
de-DE;en-US;Ändern...;Change...;IM;AIMR
de-DE;en-US;Abweichende Felder gleichartiger Anlagen pflegen;Maintain Fields that Should Be Different in Similar Assets;FI;AIST
de-DE;en-US;Altd-Unternummer anlegen: & &;Create Legacy Asset Subnumber: & &;FI;AIST
de-DE;en-US;Altdaten anlegen: & &;Create Legacy Data: & &;FI;AIST
de-DE;en-US;Altdaten anzeigen: & &;Display Legacy Data: & &;FI;AIST
de-DE;en-US;Altdaten ändern: & &;Change Legacy Data: & &;FI;AIST
de-DE;en-US;Altkomplex Unternr. anlegen: & &;Create Legacy Group Asset Subnumber: & &;FI;AIST
de-DE;en-US;Altkomplex anlegen: & &;Create Legacy Group Asset: & &;FI;AIST
de-DE;en-US;Altkomplex anzeigen: & &;Display Legacy Group Asset: & &;FI;AIST
de-DE;en-US;Altkomplex ändern: & &;Change Legacy Group Asset: & &;FI;AIST
de-DE;en-US;Anlage anlegen: & &;Create Asset: & &;FI;AIST
de-DE;en-US;Anlage anzeigen: & &;Display Asset: & &;FI;AIST
de-DE;en-US;Anlage löschen: & &;Delete Asset: & &;FI;AIST
de-DE;en-US;Anlage sperren: & &;Block Asset: & &;FI;AIST
de-DE;en-US;Anlage ändern: & &;Change Asset: & &;FI;AIST
de-DE;en-US;Anlagenkomplex Unternr. anlegen: & &;Create Group Asset Sub-number: & &;FI;AIST
de-DE;en-US;Anlagenkomplex anlegen: & &;Create Group Asset: & &;FI;AIST
de-DE;en-US;Anlagenkomplex anzeigen: & &;Display Group Asset: & &;FI;AIST
de-DE;en-US;Anlagenkomplex löschen: & &;Delete Group Asset: & &;FI;AIST
de-DE;en-US;Anlagenkomplex sperren: & &;Block Group Asset: & &;FI;AIST
de-DE;en-US;Anlagenkomplex ändern: & &;Change Group Asset: & &;FI;AIST
de-DE;en-US;Auf Anlagen verteilen;Distribute to Assets;FI;AIST
de-DE;en-US;Betrachtungszeitraum eingeben;Enter Overview Period;FI;AIST
de-DE;en-US;Erfaßte Daten in neues oder altes Intervall?;Is entered data for new or old interval?;FI;AIST
de-DE;en-US;Historie: &;History: &;FI;AIST
de-DE;en-US;Intervalle anzeigen;Display Intervals;FI;AIST
de-DE;en-US;Langtexte;Long Texts;FI;AIST
de-DE;en-US;Neues Intervall anlegen;Create New Interval;FI;AIST
de-DE;en-US;Nummernintervall & für externe Anlagennummer;Number Interval & For External Asset Number;FI;AIST
de-DE;en-US;Sicht auswählen;Choose View;FI;AIST
de-DE;en-US;Statusanzeige;Status Display;FI;AIST
de-DE;en-US;Unternummer anlegen: & &;Create Subnumber: & &;FI;AIST
de-DE;en-US;Verwaltungsdaten;Management Data;FI;AIST
de-DE;en-US;Zusatzinformation Anlage;Supplementary Info:Asset;FI;AIST
de-DE;en-US;Zusatzinformation: & &;Supplementary Info: & &;FI;AIST
de-DE;en-US;Einstellungen Zeitabhängige Daten;Time-dependent data settings;FI;AIST_SUPP
de-DE;en-US;Felder des Gruppenrahmens &1;Fields of group box &1;FI;AIST_SUPP
de-DE;en-US;AiB je Ursprungszuordnung;AuC per source assignment;IM;AISU
de-DE;en-US;Alle Anlagen anlegen;Create all assets;IM;AISU
de-DE;en-US;Anlage im Bau je Ursprungszuordnung;Asset under Construction, per Source Assignment;IM;AISU
de-DE;en-US;UrZuord. anzeigen;Display source assignment;IM;AISU
de-DE;en-US;Barcode verarbeiten;Process Bar Code;BC;ALINK_BARCODE
de-DE;en-US;Eingabe Barcode;Enter Bar Code;BC;ALINK_BARCODE
de-DE;en-US;Barcode ändern;Change Bar Code;BC;ALINK_BARCODE_EXT
de-DE;en-US;ArchiveLink: Objekttrefferliste;ArchiveLink: Object Hit List;BC;ALINK_CONNECTIONS
de-DE;en-US;Dokument;Document;BC;ALINK_CONNECTIONS
de-DE;en-US;Kontextmenü;Context Menu;BC;ALINK_CONNECTIONS
de-DE;en-US;Markierte Dokumente;Selected Documents;BC;ALINK_CONNECTIONS
de-DE;en-US;Technische Attribute;Technical Attributes;BC;ALINK_CONNECTIONS
de-DE;en-US;Trefferliste;Hit list;BC;ALINK_CONNECTIONS
de-DE;en-US;Aggregierten Dokumentber. deaktivieren;Deactivate Aggregated Document Area;BC;ALINK_DFF_CUSTOMIZING
de-DE;en-US;Aggregierten Dokumentbereich aktivieren;Activate Aggregated Document Area;BC;ALINK_DFF_CUSTOMIZING
de-DE;en-US;Aggregierten Dokumentbereich anlegen;Create Aggregated Document Area;BC;ALINK_DFF_CUSTOMIZING
de-DE;en-US;Aggregierten Dokumentbereich anzeigen;Display Aggregated Document Area;BC;ALINK_DFF_CUSTOMIZING
de-DE;en-US;Aggregierten Dokumentbereich löschen;Delete Aggregated Document Area;BC;ALINK_DFF_CUSTOMIZING
de-DE;en-US;Aggregierten Dokumentbereich ändern;Change Aggregated Document Area;BC;ALINK_DFF_CUSTOMIZING
de-DE;en-US;Aggregierter Dokumentbereich;Aggregated Document Area;BC;ALINK_DFF_CUSTOMIZING
de-DE;en-US;Anzeigen eines markierten Objektes;Display a Selected Object;BC;ALINK_DFF_CUSTOMIZING
de-DE;en-US;Attribut;Attribute;BC;ALINK_DFF_CUSTOMIZING
de-DE;en-US;Attribut anlegen;Create Attribute;BC;ALINK_DFF_CUSTOMIZING
de-DE;en-US;Attribut anzeigen;Display Attribute;BC;ALINK_DFF_CUSTOMIZING
de-DE;en-US;Attribut löschen;Delete Attribute;BC;ALINK_DFF_CUSTOMIZING
de-DE;en-US;Attribut ändern;Change Attribute;BC;ALINK_DFF_CUSTOMIZING
de-DE;en-US;Detailanzeige Dokumentattribut;Document Attribute Detail Display;BC;ALINK_DFF_CUSTOMIZING
de-DE;en-US;Dokumentattribut ändern;Change Document Attribute;BC;ALINK_DFF_CUSTOMIZING
de-DE;en-US;Dokumentbereich Detailanzeige;Document Area Detail Display;BC;ALINK_DFF_CUSTOMIZING
de-DE;en-US;Dokumentbereich ändern;Change Document Area;BC;ALINK_DFF_CUSTOMIZING
de-DE;en-US;Einfachen Dokumentbereich aktivieren;Activate Simple Document Area;BC;ALINK_DFF_CUSTOMIZING
de-DE;en-US;Einfachen Dokumentbereich anlegen;Create Simple Document Area;BC;ALINK_DFF_CUSTOMIZING
de-DE;en-US;Einfachen Dokumentbereich anzeigen;Display Simple Document Area;BC;ALINK_DFF_CUSTOMIZING
de-DE;en-US;Einfachen Dokumentbereich deaktivieren;Deactivate;BC;ALINK_DFF_CUSTOMIZING
de-DE;en-US;Einfachen Dokumentbereich löschen;Delete Simple Document Area;BC;ALINK_DFF_CUSTOMIZING
de-DE;en-US;Einfachen Dokumentbereich ändern;Change Simple Document Area;BC;ALINK_DFF_CUSTOMIZING
de-DE;en-US;Einfacher Dokumentbereich;Simple Document Area;BC;ALINK_DFF_CUSTOMIZING
de-DE;en-US;Objekt;Object;BC;ALINK_DFF_CUSTOMIZING
de-DE;en-US;Registry (alt);Registry (Old);BC;ALINK_DFF_CUSTOMIZING
de-DE;en-US;Transport der markierten Dokumentbereiche;Transport Selected Document Areas;BC;ALINK_DFF_CUSTOMIZING
de-DE;en-US;Transportauftrag;Transport Request;BC;ALINK_DFF_CUSTOMIZING
de-DE;en-US;Volltextsuche aktivieren;Activate Full Text Search;BC;ALINK_DFF_CUSTOMIZING
de-DE;en-US;Volltextsuche deaktivieren;Deactivate Full Text Search;BC;ALINK_DFF_CUSTOMIZING
de-DE;en-US;Ändern eines markierten Objektes;Change a Selected Object;BC;ALINK_DFF_CUSTOMIZING
de-DE;en-US;Aufgabe mit dem Dokument starten;Start Task with the Document;BC;ALINK_DISPLAY_DOCUMENT
de-DE;en-US;Dokument einem weiteren Objekt zuordnen;Assign Document to Another Object;BC;ALINK_DISPLAY_DOCUMENT
de-DE;en-US;Dokument markieren;Select Document;BC;ALINK_DISPLAY_DOCUMENT
de-DE;en-US;Dokument schließen;Close Document;BC;ALINK_DISPLAY_DOCUMENT
de-DE;en-US;Markierung löschen;Deselect;BC;ALINK_DISPLAY_DOCUMENT
de-DE;en-US;Neues Dokument ablegen;Create New Document;BC;ALINK_DISPLAY_DOCUMENT
de-DE;en-US;Notiz;Note;BC;ALINK_DISPLAY_DOCUMENT
de-DE;en-US;Objekt zuordnen;Assign Object;BC;ALINK_DISPLAY_DOCUMENT
de-DE;en-US;Starten Aufgabe;Start Task;BC;ALINK_DISPLAY_DOCUMENT
de-DE;en-US;Ablage vom Frontend;Archive from Frontend;BC;ALINK_DRAG_AND_DROP
de-DE;en-US;Rückgängig;Undo;BC;ALINK_DRAG_AND_DROP
de-DE;en-US;Attribute;Attributes;BC;ALINK_KPRO_QUERY
de-DE;en-US;Business Objekt;Business Object;BC;ALINK_KPRO_QUERY
de-DE;en-US;Export in Akte;Export to File;BC;ALINK_KPRO_QUERY
de-DE;en-US;Export in die Akte;Export into Record;BC;ALINK_KPRO_QUERY
de-DE;en-US;Kurzbeschreibung;Short Description;BC;ALINK_KPRO_QUERY
de-DE;en-US;Löschen Dokument;Delete Document;BC;ALINK_KPRO_QUERY
de-DE;en-US;Schließen der Applikation;Closing the Application;BC;ALINK_KPRO_QUERY
de-DE;en-US;Suche starten;Start Search;BC;ALINK_KPRO_QUERY
de-DE;en-US;Baum;Tree;BC;ALTR
de-DE;en-US;Anlagen-Bewegung erfassen: &;Enter Asset Transaction: &;FI;AMDP
de-DE;en-US;Anlagen-Bewegung erfassen: & Einzelpostenanzeige;Enter Asset Transaction: & Line Item Display;FI;AMDP
de-DE;en-US;Anlagenstamm;Asset master record;FI;AMDP
de-DE;en-US;Anlagenwerte;Asset values;FI;AMDP
de-DE;en-US;Bewegung;Transaction;FI;AMDP
de-DE;en-US;Buchungskreis setzen;Set company code;FI;AMDP
de-DE;en-US;Buchungskreis ändern;Change company code;FI;AMDP
de-DE;en-US;Buchungskreiswechsel;Company code change;FI;AMDP
de-DE;en-US;Einzelposten;Line items;FI;AMDP
de-DE;en-US;Mehrere Anlagen;Multiple assets;FI;AMDP
de-DE;en-US;Nächste Registerkarte;Next tab page;FI;AMDP
de-DE;en-US;Simulieren;Simulate;FI;AMDP
de-DE;en-US;Vorige Registerkarte;Previous tab page;FI;AMDP
de-DE;en-US;AfA-Parameter;Deprec. terms;FI;AMDP_OLD
de-DE;en-US;Anlagen-Bewegung erfassen: Anlagen-Transfer;Enter Asset Transaction: Intercompany Transfer;FI;AMDP_OLD
de-DE;en-US;Anlagen-Bewegung erfassen: Anlagen-Umbuchung;Enter Asset Transaction: Intracompany Transfer;FI;AMDP_OLD
de-DE;en-US;Anlagen-Bewegung erfassen: Anlagenabgang;Enter Asset Transaction: Asset Retirement;FI;AMDP_OLD
de-DE;en-US;Anlagenbewegung erfassen: Anlagen-Abgang;Enter Asset Transaction: Asset Retirement;FI;AMDP_OLD
de-DE;en-US;Anlagenbewegung erfassen: Anlagen-Nachaktivierung;Enter Asset Transaction: Asset Post-Capitalization;FI;AMDP_OLD
de-DE;en-US;Anlagenbewegung erfassen: Anlagen-Transfer;Enter Asset Transaction: Intercompany Transfer;FI;AMDP_OLD
de-DE;en-US;Anlagenbewegung erfassen: Anlagen-Umbuchung;Enter Asset Transaction: Intracompany Transfer;FI;AMDP_OLD
de-DE;en-US;Anlagenbewegung erfassen: Anlagen-Zugang;Enter Asset Transaction: Asset Acquisition;FI;AMDP_OLD
de-DE;en-US;Anlagenbewegung simulieren;Simulate Asset Transaction;FI;AMDP_OLD
de-DE;en-US;Beleg prüfen;Check document;FI;AMDP_OLD
de-DE;en-US;Detailanzeige AfA-Parameter;Dep. terms detail display;FI;AMDP_OLD
de-DE;en-US;Kont.FM-Überwachung;Acct asgnmt funds mgmt;FI;AMDP_OLD
de-DE;en-US;Simulation Anlagenbuchung: Parameter Detail;Asset Posting Simulation: Parameter Details;FI;AMDP_OLD
de-DE;en-US;Simulation Anlagenbuchung: Parameter Übersicht;Asset Accounting Simulation: Parameter Overview;FI;AMDP_OLD
de-DE;en-US;Aktuelle Anzeigevariante;Current Layout;FI;AMDS
de-DE;en-US;Aktuelle...;Current...;FI;AMDS
de-DE;en-US;Alle Werte des Einzelpostens;All Values of the Line Item;FI;AMDS
de-DE;en-US;Angaben zum Teilabgang/zur Teilumbuchung;Specifications for Partial Retirement or Transfer;FI;AMDS
de-DE;en-US;Angaben zur Stornobuchung;Specifications for Reverse Posting;FI;AMDS
de-DE;en-US;Anlagenstamm;Asset master;FI;AMDS
de-DE;en-US;Anzeigen Einzelposten;Display line items;FI;AMDS
de-DE;en-US;Anzeigevariante;Display variant;FI;AMDS
de-DE;en-US;Anzeigevariante auswählen...;Choose Layout...;FI;AMDS
de-DE;en-US;Anzeigevariante sichern;Save Layout;FI;AMDS
de-DE;en-US;Anzeigewährung;Display currency;FI;AMDS
de-DE;en-US;Aufriß festlegen...;Define breakdown...;FI;AMDS
de-DE;en-US;Auswahlbild Anlagen für Einzelpostenanzeige;Asset Selection Screen for Line Item Display;FI;AMDS
de-DE;en-US;Bitte, Geschäftsbereich für anzulegende Anlage angeben;Enter Business Area for Asset Being Created;FI;AMDS
de-DE;en-US;Breite optimieren;Optimize width;FI;AMDS
de-DE;en-US;Buchen;Post;FI;AMDS
de-DE;en-US;Datei...;File...;FI;AMDS
de-DE;en-US;Detail auswählen;Choose detail;FI;AMDS
de-DE;en-US;Erste Spalte;First column;FI;AMDS
de-DE;en-US;Erzeugte Einzelposten zur Anlage;Line Items Created for Asset;FI;AMDS
de-DE;en-US;Expandieren;Expand;FI;AMDS
de-DE;en-US;Filter löschen;Delete filter;FI;AMDS
de-DE;en-US;Filter setzen;Set filter;FI;AMDS
de-DE;en-US;Fixieren bis Spalte;Freeze to column;FI;AMDS
de-DE;en-US;Fixierung aufheben;Unfreeze columns;FI;AMDS
de-DE;en-US;Grundliste;Basic list;FI;AMDS
de-DE;en-US;Gruppentext1 durch Anwendung ersetzen;Replace group text 1 with application;FI;AMDS
de-DE;en-US;Gruppentext2 durch Anwendung ersetzen;Replace group text 2 with application;FI;AMDS
de-DE;en-US;Gruppentext3 durch Anwendung ersetzen;Replace group text 3 with application;FI;AMDS
de-DE;en-US;Gruppentext4 durch Anwendung ersetzen;Replace group text 4 with application;FI;AMDS
de-DE;en-US;Gruppentext5 durch Anwendung ersetzen;Replace group text 5 with application;FI;AMDS
de-DE;en-US;Komprimieren;Collapse;FI;AMDS
de-DE;en-US;Kont.FM-Überwachung;Account assignment Funds Mgmt;FI;AMDS
de-DE;en-US;Kontierungsangaben für Finanzmittelüberwachung;Account Assignment for Funds Management;FI;AMDS
de-DE;en-US;Letzte Spalte;Last column;FI;AMDS
de-DE;en-US;Listenstatus...;List status...;FI;AMDS
de-DE;en-US;Nächster Abschnitt;Next section;FI;AMDS
de-DE;en-US;Parametersimulation;Parameter simulation;FI;AMDS
de-DE;en-US;Reportingbaum;Report tree;FI;AMDS
de-DE;en-US;Selektionen;Selections;FI;AMDS
de-DE;en-US;Selektionen...;Selections...;FI;AMDS
de-DE;en-US;Sichern Liste;Save list;FI;AMDS
de-DE;en-US;Sortieren absteigend;Sort in descending order;FI;AMDS
de-DE;en-US;Sortieren aufsteig.;Sort in ascending order;FI;AMDS
de-DE;en-US;Spalte links;Left column;FI;AMDS
de-DE;en-US;Spalte rechts;Right column;FI;AMDS
de-DE;en-US;Summenstufen;Summation levels;FI;AMDS
de-DE;en-US;Verwaltung...;Administration...;FI;AMDS
de-DE;en-US;Voriger Abschnitt;Previous section;FI;AMDS
de-DE;en-US;Weitere Berichte;More reports;FI;AMDS
de-DE;en-US;Weitere Daten;Additional Data;FI;AMDS
de-DE;en-US;Werte summieren;Display sum;FI;AMDS
de-DE;en-US;Zusatzkontierung;Additional account assignment;FI;AMDS
de-DE;en-US;Zusatzkontierung ändern;Change addit. account assignment;FI;AMDS
de-DE;en-US;Zwischensumme...;Subtotal...;FI;AMDS
de-DE;en-US;Übersicht der Listenabschnitte;Overview of list sections;FI;AMDS
de-DE;en-US;Adresse anzeigen;Display address;FI;APFS
de-DE;en-US;AfA-Beginn ermitteln;Determn.DepStartDate;FI;APFS
de-DE;en-US;Alle Intervalle;All intervals;FI;APFS
de-DE;en-US;Altd-Unternummer anlegen: $ $;Create Legacy Asset Subnumber: & &;FI;APFS
de-DE;en-US;Altdaten anlegen: $ $;Create Legacy Data: $ $;FI;APFS
de-DE;en-US;Altdaten anzeigen: $ $;Display Legacy Data: $ $;FI;APFS
de-DE;en-US;Altdaten ändern: $ $;Change Legacy Data: $ $;FI;APFS
de-DE;en-US;Andere Anlage;Other asset;FI;APFS
de-DE;en-US;Anderer Komplex;Other group asset;FI;APFS
de-DE;en-US;Anlage;Asset;FI;APFS
de-DE;en-US;Anlage anlegen: $ $;Create Asset: $ $;FI;APFS
de-DE;en-US;Anlage anzeigen: $ $;Display Asset: $ $;FI;APFS
de-DE;en-US;Anlage aufnehmen;Include asset;FI;APFS
de-DE;en-US;Anlage löschen;Delete asset;FI;APFS
de-DE;en-US;Anlage löschen: $ $;Delete Asset: $ $;FI;APFS
de-DE;en-US;Anlage sperren: $ $;Block Asset: $ $;FI;APFS
de-DE;en-US;Anlage suchen;Find asset;FI;APFS
de-DE;en-US;Anlage ändern: $ $;Change Asset: $ $;FI;APFS
de-DE;en-US;Anlagenkomplex anlegen: $ $;Create Group Asset: $ $;FI;APFS
de-DE;en-US;Anlagenkomplex anzeigen: $ $;Display Group Asset: $ $;FI;APFS
de-DE;en-US;Anlagenkomplex löschen: $ $;Delete Group Asset: $ $;FI;APFS
de-DE;en-US;Anlagenkomplex sperren: $ $;Block Group Asset: $ $;FI;APFS
de-DE;en-US;Anlagenkomplex ändern: $ $;Change Group Asset: $ $;FI;APFS
de-DE;en-US;Anteilige Werte;Proportional values;FI;APFS
de-DE;en-US;Arbeitsvorrat;Worklist;FI;APFS
de-DE;en-US;Aufwertungsdaten;Data for revaluation;FI;APFS
de-DE;en-US;Beleg testen;Test document;FI;APFS
de-DE;en-US;Bereichsende mark.;Select end of range;FI;APFS
de-DE;en-US;Berichtigungsbestand;Correction items;FI;APFS
de-DE;en-US;Bestellungen;Purchase orders;FI;APFS
de-DE;en-US;Bewegungen;Transactions;FI;APFS
de-DE;en-US;Bewertungsbereiche;Depreciation areas;FI;APFS
de-DE;en-US;Bildaufbau;Screen layout;FI;APFS
de-DE;en-US;Blättern;Scroll;FI;APFS
de-DE;en-US;Dokumentdaten;Document data;FI;APFS
de-DE;en-US;Eingabebereitschaft der Wertefelder;Value fields - readiness for input;FI;APFS
de-DE;en-US;Einzelpostenkopf;Line items header;FI;APFS
de-DE;en-US;Equipments;Equipment;FI;APFS
de-DE;en-US;Erster Einzelposten;First line item;FI;APFS
de-DE;en-US;Erstes Bild;First screen;FI;APFS
de-DE;en-US;Herkunft;Origin;FI;APFS
de-DE;en-US;Herkunftsdaten;Origin data;FI;APFS
de-DE;en-US;Historie;History;FI;APFS
de-DE;en-US;Historie ...;History...;FI;APFS
de-DE;en-US;Info Bewertungsbereich ...;Deprec. area info...;FI;APFS
de-DE;en-US;Info Eingabebereitschaft;Info- readiness for input;FI;APFS
de-DE;en-US;Info Gruppenrahmen ...;Group box info...;FI;APFS
de-DE;en-US;Info Stammdaten ...;Master data info...;FI;APFS
de-DE;en-US;Intervalle ...;Intervals  ...;FI;APFS
de-DE;en-US;Intervalle Löschen;Delete intervals;FI;APFS
de-DE;en-US;Intervalle löschen;Delete interval;FI;APFS
de-DE;en-US;Ja;Yes;FI;APFS
de-DE;en-US;Komplex;Group asset;FI;APFS
de-DE;en-US;Komprimierte Anzeige;Compressed display;FI;APFS
de-DE;en-US;Langtexte;Long texts;FI;APFS
de-DE;en-US;Letzter Einzelposten;Last line item;FI;APFS
de-DE;en-US;Letztes Bild;Last screen;FI;APFS
de-DE;en-US;Löschen Einzelposten;Delete line item;FI;APFS
de-DE;en-US;Löschen Invschlüssel;Delete invest. support key;FI;APFS
de-DE;en-US;Markierung entfernen;Deselect;FI;APFS
de-DE;en-US;Neues Intervall ...;New interval ......;FI;APFS
de-DE;en-US;Neues Intervall...;New interval...;FI;APFS
de-DE;en-US;Neues Zeitintervall;New time interval;FI;APFS
de-DE;en-US;Neues Zeitintervall anlegen;Create new time interval;FI;APFS
de-DE;en-US;Nummernintervall $ für externe Anlagennummer;Number Interval $ For External Asset Number;FI;APFS
de-DE;en-US;Nächster Einzelpost.;Next line item;FI;APFS
de-DE;en-US;Oberfläche ...;Interface ...;FI;APFS
de-DE;en-US;Objekt anzeigen;Display object;FI;APFS
de-DE;en-US;Sicht ...;View  ...;FI;APFS
de-DE;en-US;Sperren;Block;FI;APFS
de-DE;en-US;Sperren/Löschen;Block/Delete;FI;APFS
de-DE;en-US;Stammdaten;Master data;FI;APFS
de-DE;en-US;Statusanzeige ...;Status display ...;FI;APFS
de-DE;en-US;Technische Plätze;Functional locations;FI;APFS
de-DE;en-US;Unternummer anlegen;Create Subnumber;FI;APFS
de-DE;en-US;Unternummer anlegen: $ $;Create Subnumber: & &;FI;APFS
de-DE;en-US;Unternummern;Subnumbers;FI;APFS
de-DE;en-US;Vermögensteuer;Net worth tax;FI;APFS
de-DE;en-US;Verproben auf Bild;Checking on screen;FI;APFS
de-DE;en-US;Versicherung;Insurance;FI;APFS
de-DE;en-US;Verteilen;Distribute;FI;APFS
de-DE;en-US;Verwaltungsdaten ...;Management data ...;FI;APFS
de-DE;en-US;Voriger Bereich;Previous area;FI;APFS
de-DE;en-US;Voriger Einzelposten;Previous line item;FI;APFS
de-DE;en-US;Vorlage auswählen;Choose Reference;FI;APFS
de-DE;en-US;Weitere Stammdaten;Additional master data;FI;APFS
de-DE;en-US;Werte neurechnen;Recalculate values;FI;APFS
de-DE;en-US;Zeitabhängige Daten;Time-dependent data;FI;APFS
de-DE;en-US;Zu Bild;To screen;FI;APFS
de-DE;en-US;Zu Feld;On field;FI;APFS
de-DE;en-US;Zuordnungen;Assignments;FI;APFS
de-DE;en-US;Zur Anlage;On asset;FI;APFS
de-DE;en-US;Zusatzinformation: $ $;Supplementary Info:$ $;FI;APFS
de-DE;en-US;Übernahmewerte;Takeover values;FI;APFS
de-DE;en-US;ABC-Analyse;ABC analysis;BC;AQAA
de-DE;en-US;ABC-Analyse: Strategie;ABC Analysis: Strategy;BC;AQAA
de-DE;en-US;Alle Merkmale;All Characteristics;BC;AQAA
de-DE;en-US;Neue Analyse...;New analysis...;BC;AQAA
de-DE;en-US;Spalte ausblenden;Hide column;BC;AQAA
de-DE;en-US;Spalten einblenden;Show column;BC;AQAA
de-DE;en-US;Umrechnen;Convert;BC;AQAA
de-DE;en-US;Umrechnen von Mengenangaben;Convert Quantity Amounts;BC;AQAA
de-DE;en-US;Umrechnen von Währungsbeträgen;Convert Currency Amounts;BC;AQAA
de-DE;en-US;& auf lokale Datei übertragen;Transfer & to a Local File;BC;AQDW
de-DE;en-US;Anhängen;Append;BC;AQDW
de-DE;en-US;Ersetzen;Replace;BC;AQDW
de-DE;en-US;Neuer Name;New name;BC;AQDW
de-DE;en-US;Übertragen;Transfer;BC;AQDW
de-DE;en-US;Alias für Tabelle eingeben;Enter Alias for Table;BC;AQJD
de-DE;en-US;Alias-Tabelle;Alias table;BC;AQJD
de-DE;en-US;Alias-Tabelle anlegen;Create Alias Table;BC;AQJD
de-DE;en-US;Alias-Tabelle definieren;Define alias table;BC;AQJD
de-DE;en-US;Bed. spezifizieren;Specify condition;BC;AQJD
de-DE;en-US;Bedingung definieren;Define condition;BC;AQJD
de-DE;en-US;Bedingung löschen;Delete condition;BC;AQJD
de-DE;en-US;Beschreibung;Description;BC;AQJD
de-DE;en-US;Beziehung aufheben;Cancel Link;BC;AQJD
de-DE;en-US;Dictionary Information zu einem Feld anzeigen;Display Dictionary information for field;BC;AQJD
de-DE;en-US;Dump-Join-Report ausgeben;Display dump join report;BC;AQJD
de-DE;en-US;Dump-Report;Dump Report;BC;AQJD
de-DE;en-US;Felddokumentation;Field documentation;BC;AQJD
de-DE;en-US;Felder suchen;Find fields;BC;AQJD
de-DE;en-US;Felder weiter suchen;Find next fields;BC;AQJD
de-DE;en-US;Feldgruppen;Field groups;BC;AQJD
de-DE;en-US;InfoSet &: Aliasnamen für Tabellen;InfoSet &: Alias Names for Tables;BC;AQJD
de-DE;en-US;InfoSet &: Join-Definition;InfoSet &: Join Definition;BC;AQJD
de-DE;en-US;InfoSet &: Tabellen im Join;InfoSet &: Tables in Join;BC;AQJD
de-DE;en-US;InfoSet &: Verknüpfungsbedingungen;InfoSet &: Link Conditions;BC;AQJD
de-DE;en-US;InfoSet-Pflege;InfoSet Maintenance;BC;AQJD
de-DE;en-US;Join-Definiiton: Verknüpfungsbedingungen;Join Definition: Link Conditions;BC;AQJD
de-DE;en-US;Join-Definition;Join Definition;BC;AQJD
de-DE;en-US;Join-Definition: Tabellen im Join;Join Definition: Tables in Join;BC;AQJD
de-DE;en-US;Kopieren...;Copy...;BC;AQJD
de-DE;en-US;Löschen...;Delete...;BC;AQJD
de-DE;en-US;Queries zum InfoSet;Queries for InfoSet;BC;AQJD
de-DE;en-US;Queryverzeichnis;Query directory;BC;AQJD
de-DE;en-US;Referenzfeld;Reference field;BC;AQJD
de-DE;en-US;Sichern InfoSet;Save InfoSet;BC;AQJD
de-DE;en-US;Suchen in Tabelle &;Search in Table &;BC;AQJD
de-DE;en-US;Tabelle einfügen;Insert table;BC;AQJD
de-DE;en-US;Tabelle hinzufügen.;Add Table;BC;AQJD
de-DE;en-US;Tabelle löschen;Delete table;BC;AQJD
de-DE;en-US;Tabelle löschen;Delete Table;BC;AQJD
de-DE;en-US;Tabellenreihenfolge festlegen;Define table sequence;BC;AQJD
de-DE;en-US;Transporte;Transports;BC;AQJD
de-DE;en-US;Umbenennen...;Rename...;BC;AQJD
de-DE;en-US;Verknüpfungsbedingung prüfen;Check link condition;BC;AQJD
de-DE;en-US;Verknüpfungsbedingungen vorschlagen;Propose Join Conditions;BC;AQJD
de-DE;en-US;Zuordnung an BGruppe;Assignment to UG;BC;AQJD
de-DE;en-US;Einfügen;Insert;BC;AQLF
de-DE;en-US;Felddefinition;Field definition;BC;AQLF
de-DE;en-US;Felddefinition: komplexe Berechnung;Define Field: Complex Calculation;BC;AQLF
de-DE;en-US;Felder;Fields;BC;AQLF
de-DE;en-US;Ikonen;Icons;BC;AQLF
de-DE;en-US;Komplexe Berechnung;Complex calculation;BC;AQLF
de-DE;en-US;Symbole;Symbols;BC;AQLF
de-DE;en-US;Aus;Off;BC;AQPT
de-DE;en-US;Eigenschaften : &;Attributes: &;BC;AQPT
de-DE;en-US;Ein;One member;BC;AQPT
de-DE;en-US;Ein-/ausschalten;Switch on/off;BC;AQPT
de-DE;en-US;Feld;Field;BC;AQPT
de-DE;en-US;Feld löschen;Delete Field;BC;AQPT
de-DE;en-US;Gitterbreite ändern;Change grid width;BC;AQPT
de-DE;en-US;Gitterweite ändern;Change grid width;BC;AQPT
de-DE;en-US;Konstruktionssicht;Construction view;BC;AQPT
de-DE;en-US;Konstruktionssicht Query &;Query &: Construction view;BC;AQPT
de-DE;en-US;Kurzbezeichnungen;Short names;BC;AQPT
de-DE;en-US;Layoutsicht;Layout view;BC;AQPT
de-DE;en-US;Layoutsicht Query &;Query &: Layout view;BC;AQPT
de-DE;en-US;Nächste Sicht;Next view;BC;AQPT
de-DE;en-US;Sorierung;Sorting;BC;AQPT
de-DE;en-US;Sortiersicht;Sort view;BC;AQPT
de-DE;en-US;Sortiersicht Query &;Query &: Sort view;BC;AQPT
de-DE;en-US;Sortierung;Sort Sequence;BC;AQPT
de-DE;en-US;Standard übernehmen;Use Standard;BC;AQPT
de-DE;en-US;Vorherige Sicht;Previous view;BC;AQPT
de-DE;en-US;SAP Query Benutzergruppe zuordnen;Assign SAP Query User Group;BC;AQRL
de-DE;en-US;Begrenzung der Datenbankzugriffe;Restriction of Database Accesses;BC;AQRUNT
de-DE;en-US;Bericht;Report;BC;AQRUNT
de-DE;en-US;Suchen;Search;BC;AQRUNT
de-DE;en-US;Neue Suche;New Search;BC;AQSEARCH
de-DE;en-US;Suchergebnis;Search Result;BC;AQSEARCH
de-DE;en-US;Volltextsuche;Full Text Search;BC;AQSEARCH
de-DE;en-US;Abgleichen;Adjust;BC;AQSF
de-DE;en-US;Ausführen;Execute;BC;AQSF
de-DE;en-US;Autor und Änderer;Author and last user;BC;AQSF
de-DE;en-US;Autor und Änderer;Author and Last User;BC;AQSF
de-DE;en-US;Benutzergruppen;User groups;BC;AQSF
de-DE;en-US;Benutzergruppen;User Groups;BC;AQSF
de-DE;en-US;Benutzergruppen: Auswahl;User Groups: Select;BC;AQSF
de-DE;en-US;Besitzer von Quick Views;QuickView Users;BC;AQSF
de-DE;en-US;Datenbankstruktur;Database structure;BC;AQSF
de-DE;en-US;Diagnose für Abgleich des InfoSets &;Diagnosis for Comparison of InfoSet &;BC;AQSF
de-DE;en-US;Diagnose für InfoSet &;Diagnosis for InfoSet &;BC;AQSF
de-DE;en-US;Diagnose für Query &;Diagnosis for Query &;BC;AQSF
de-DE;en-US;Dokumentation für Feld &;Documentation for Field &;BC;AQSF
de-DE;en-US;Erste Spalte;First Column;BC;AQSF
de-DE;en-US;Farbpalette für Felder;Color Palette for Fields;BC;AQSF
de-DE;en-US;Farbpalette für Zeilen;Color Palette for Lines;BC;AQSF
de-DE;en-US;Felder mit Kurzbezeichnung;Fields with Short Text;BC;AQSF
de-DE;en-US;Feldgruppen;Field Groups;BC;AQSF
de-DE;en-US;InfoSet-Katalog;InfoSet Catalog;BC;AQSF
de-DE;en-US;InfoSet-Recherche;InfoSet Search;BC;AQSF
de-DE;en-US;InfoSets der Benutzergruppe &;InfoSets of User Group &;BC;AQSF
de-DE;en-US;Letzte Spalte;Last Column;BC;AQSF
de-DE;en-US;Listenstatus...;List Status...;BC;AQSF
de-DE;en-US;Programmabgrenzung;Program Selection;BC;AQSF
de-DE;en-US;Queries der Benutzergruppe &;Queries of User Group &;BC;AQSF
de-DE;en-US;Queries über InfoSets der Benutzergruppe &;Queries for InfoSets of User Group &;BC;AQSF
de-DE;en-US;Querykatalog;Query Catalog;BC;AQSF
de-DE;en-US;QuickViews des Benutzers &;QuickViews for User &;BC;AQSF
de-DE;en-US;Ranglistenebenen;Ranked List Levels;BC;AQSF
de-DE;en-US;Spalte links;Column Left;BC;AQSF
de-DE;en-US;Spalte rechts;Column Right;BC;AQSF
de-DE;en-US;Tabellen;Tables;BC;AQSF
de-DE;en-US;Trefferliste InfoSet-Recherche;InfoSet Search Hit List;BC;AQSF
de-DE;en-US;Trefferliste der Feldrecherche;Field Search Hit List;BC;AQSF
de-DE;en-US;Trefferliste der InfoSet-Recherche;InfoSet Search Hit List;BC;AQSF
de-DE;en-US;Unterstützte Sprachen;Supported Languages;BC;AQSF
de-DE;en-US;Unterstützte Währungen;Supported Currencies;BC;AQSF
de-DE;en-US;Variantenkatalog;Variant Directory;BC;AQSF
de-DE;en-US;Verwaltung der Layouts;Layout Management;BC;AQSF
de-DE;en-US;Verwendung;Where-used list;BC;AQSF
de-DE;en-US;Verwendung einer Farbangabe;Use of a Color Specification;BC;AQSF
de-DE;en-US;Verwendung von &;Usage of &;BC;AQSF
de-DE;en-US;Zusatzfelder;Additional Fields;BC;AQSF
de-DE;en-US;Gesicherte Listen;Saved Lists;BC;AQSL
de-DE;en-US;Listensicherung für Query & der Benutzergruppe &;List Backup for Query & of User Group &;BC;AQSL
de-DE;en-US;Löschen mark. Listen;Delete sel. lists;BC;AQSL
de-DE;en-US;Mark. Listen;Selected lists;BC;AQSL
de-DE;en-US;Einstellungen zur Textverarbeitung;Word Processor Settings;BC;AQTX
de-DE;en-US;Arbeitsbereiche;Work Areas;BC;AQWS
de-DE;en-US;Aufriß festlegen...;Define Drilldown;BC;AQWS
de-DE;en-US;Erweiterte Ablage der SAP Query;Extended SAP Query Repository;BC;AQWS
de-DE;en-US;Fixierung aufheben;Unfreeze;BC;AQWS
de-DE;en-US;Grundliste;Basic List;BC;AQWS
de-DE;en-US;Informationen zum Arbeitsbereich;Information About Query Area;BC;AQWS
de-DE;en-US;Layout sichern...;Save Layout;BC;AQWS
de-DE;en-US;Mappe;Session;BC;AQWS
de-DE;en-US;Sichern...;Saving...;BC;AQWS
de-DE;en-US;Summenstufen;Summation Levels;BC;AQWS
de-DE;en-US;Trennzeichen automatisch;Automatic Separator;BC;AQWS
de-DE;en-US;Trennzeichen immer aus;Separator Always Off;BC;AQWS
de-DE;en-US;Trennzeichen immer ein;Separator Always On;BC;AQWS
de-DE;en-US;Grafik auffrischen;Refresh graphic;BC;AQXF
de-DE;en-US;Erweiterte Ablage: Funktionen;Additional query functions;BC;AQXI
de-DE;en-US;Ad-hoc-Query (InfoSet: &);InfoSet Query (InfoSet: &);BC;AQ_ADHOC
de-DE;en-US;Ad-hoc-Query (Query: &);InfoSet Query (Query: &);BC;AQ_ADHOC
de-DE;en-US;Ausgabe;Output;BC;AQ_ADHOC
de-DE;en-US;Ausgabe starten;Start output;BC;AQ_ADHOC
de-DE;en-US;Berichtszuordnung für Vorlage;Report assignment for template;BC;AQ_ADHOC
de-DE;en-US;Dokumentation;Documentation;BC;AQ_ADHOC
de-DE;en-US;Feldinformationen ein/aus;Field information on/off;BC;AQ_ADHOC
de-DE;en-US;Freigabe zurücknehmen;Cancel release;BC;AQ_ADHOC
de-DE;en-US;Informationen zur Vorlage;Template information;BC;AQ_ADHOC
de-DE;en-US;Neu;New;BC;AQ_ADHOC
de-DE;en-US;Neue Query anlegen;Create new query;BC;AQ_ADHOC
de-DE;en-US;Query Vorlage  in die aktuelle Rolle eintragen;Enter query template in current role;BC;AQ_ADHOC
de-DE;en-US;Query öffnen;Open Query;BC;AQ_ADHOC
de-DE;en-US;Report starten;Start report;BC;AQ_ADHOC
de-DE;en-US;Selektionsoptionen;Selection Options;BC;AQ_ADHOC
de-DE;en-US;Sichern als;Save as...;BC;AQ_ADHOC
de-DE;en-US;URL generieren für Vorlage;Generate URL for template;BC;AQ_ADHOC
de-DE;en-US;Variantenpflege für Vorlage;Variant maintenance for template;BC;AQ_ADHOC
de-DE;en-US;Vorlage;Template;BC;AQ_ADHOC
de-DE;en-US;Vorlage freigeben für Web;Release template for Web;BC;AQ_ADHOC
de-DE;en-US;Vorlage in Rolle eintragen;Enter template in role;BC;AQ_ADHOC
de-DE;en-US;Vorlage löschen;Delete template;BC;AQ_ADHOC
de-DE;en-US;Öffnen;Open;BC;AQ_ADHOC
de-DE;en-US;Knoten der Logischen Datenbank &1;Nodes of Logical Database &1;BC;AQ_FA_GENERATOR
de-DE;en-US;Vorbelegung von Feldgruppen;Field Group Defaults;BC;AQ_FA_GENERATOR
de-DE;en-US;Eintrag der Query in Ihre Rolle vornehmen;Entering Query in Your Role;BC;AQ_INTERNAL
de-DE;en-US;Alles markieren;Select all;BC;AQ_INT_FUNCTIONS
de-DE;en-US;Beschränkung der Datenbankzugriffe;Restrict Database Accesses;BC;AQ_INT_FUNCTIONS
de-DE;en-US;Langtext;Long text;BC;AQ_INT_FUNCTIONS
de-DE;en-US;Layout auswählen...;Select Layout;BC;AQ_INT_FUNCTIONS
de-DE;en-US;Layout ändern...;Change layout...;BC;AQ_INT_FUNCTIONS
de-DE;en-US;Liste der gefundenen Objekte;List of Found Objects;BC;AQ_INT_FUNCTIONS
de-DE;en-US;Neue Query anlegen - InfoSet-Auswahl;Create New Query - InfoSet Selection;BC;AQ_INT_FUNCTIONS
de-DE;en-US;Query löschen;Delete query;BC;AQ_INT_FUNCTIONS
de-DE;en-US;Query sichern;Save Query;BC;AQ_INT_FUNCTIONS
de-DE;en-US;Report angeben;Specify Report;BC;AQ_INT_FUNCTIONS
de-DE;en-US;Sortieren;Sort;BC;AQ_INT_FUNCTIONS
de-DE;en-US;Arbeitsbereich wechseln;Switch query area;BC;AQ_ROLE_ADMINISTRATION
de-DE;en-US;Benutzergruppe festlegen;Determine User Group;BC;AQ_ROLE_ADMINISTRATION
de-DE;en-US;InfoSet &1: Zuordnung von Rollen;InfoSet &1: Role Assignment;BC;AQ_ROLE_ADMINISTRATION
de-DE;en-US;InfoSet Zuordnung;InfoSet Assignment;BC;AQ_ROLE_ADMINISTRATION
de-DE;en-US;Rolle;Role;BC;AQ_ROLE_ADMINISTRATION
de-DE;en-US;Rollenadministration für InfoSet Query;Role Administration for InfoSet Query;BC;AQ_ROLE_ADMINISTRATION
de-DE;en-US;Zuordnung sichern;Save assignment;BC;AQ_ROLE_ADMINISTRATION
de-DE;en-US;Zuordnung von InfoSets zur Rolle &;Assignment of InfoSets to Role &;BC;AQ_ROLE_ADMINISTRATION
de-DE;en-US;AV Fehler anzeigen;Display errors in WL;FI;AREP
de-DE;en-US;AV Kopf ändern;Change worklist header;FI;AREP
de-DE;en-US;AV anlegen;Create worklist;FI;AREP
de-DE;en-US;AV bearbeiten;Edit worklist;FI;AREP
de-DE;en-US;AV freigeben;Release worklist;FI;AREP
de-DE;en-US;Abgang mit Erlös;Retirement w/Revenue;FI;AREP
de-DE;en-US;Abgang ohne Erlös;Retirement w/o Revenue;FI;AREP
de-DE;en-US;Anlage einfügen;Add Asset;FI;AREP
de-DE;en-US;Anlagen;Assets;FI;AREP
de-DE;en-US;Anlagenbestand (aktueller Buchwert);Asset Balances (Current Book Value);FI;AREP
de-DE;en-US;Anlagenstandardber.;Standard asset report;FI;AREP
de-DE;en-US;Anlagentransfer;Intercompany Asset Transfer;FI;AREP
de-DE;en-US;Anlegen Arbeitsvorrat: Auswahl Workflowaufgabe;Create Worklist: Choose Workflow Task;FI;AREP
de-DE;en-US;Arb.vorrat anlegen;Create worklist;FI;AREP
de-DE;en-US;Arb.vorrat ergänzen;Add to worklist;FI;AREP
de-DE;en-US;Arbeitsvorrat anlegen;Create Worklist;FI;AREP
de-DE;en-US;Aufrufkette...;Call sequence...;FI;AREP
de-DE;en-US;Barcodes drucken;Print barcodes;FI;AREP
de-DE;en-US;Bearbeiten Arbeitsvorrat;Edit Worklist;FI;AREP
de-DE;en-US;Berichtswechsel;Different report;FI;AREP
de-DE;en-US;Berichtszuordnung;Report assignment;FI;AREP
de-DE;en-US;Erlösvert. ändern;Chg.revenue distrib.;FI;AREP
de-DE;en-US;Export nach XXL;Download to XXL;FI;AREP
de-DE;en-US;Komplex auflösen;Break down grp.asset;FI;AREP
de-DE;en-US;Massenänderung: Substitution auswählen;Mass Change: Select Substitution;FI;AREP
de-DE;en-US;Nächste Gruppenstufe;Next group level;FI;AREP
de-DE;en-US;Substitution anlegen;Create substitution;FI;AREP
de-DE;en-US;Substitution anzeigen;Display substitution;FI;AREP
de-DE;en-US;Substitution ändern;Change substitution;FI;AREP
de-DE;en-US;Substiution anzeigen;Display substitution;FI;AREP
de-DE;en-US;Umrechnung;Translation;FI;AREP
de-DE;en-US;Vollst. Anl. korrig.;Corr.incomplete asset;FI;AREP
de-DE;en-US;Vollständigkeitsprüfung;Completeness Check;FI;AREP
de-DE;en-US;Vorige Gruppenstufe;Previous group level;FI;AREP
de-DE;en-US;Weitere Berichte...;More reports...;FI;AREP
de-DE;en-US;Wertminderungsbuchung;Impairment Posting;FI;AREP
de-DE;en-US;Auswahl Sichten;Select views;MM;ASH3
de-DE;en-US;Beleg;Document;MM;ASH3
de-DE;en-US;Belegbeziehungen;Document relationships;MM;ASH3
de-DE;en-US;Bestellanforderung &1 aus dem Archiv;Purchase Requisition &1 from Archive;MM;ASH3
de-DE;en-US;Bestellung &1 aus dem Archiv;Purchase Order &1 from Archive;MM;ASH3
de-DE;en-US;Beziehungen;Relationships;MM;ASH3
de-DE;en-US;Materialbeleg &1 &2 aus dem Archiv;Material Document &1 &2 from Archive;MM;ASH3
de-DE;en-US;Originale;Applications;MM;ASH3
de-DE;en-US;Originale anzeigen;Display originals;MM;ASH3
de-DE;en-US;Rechnunsgbelege Logistik &1 &2 Positionsliste aus dem Archiv;Logistics Invoice Docs.&1 &2 Item List from Archive;MM;ASH3
de-DE;en-US;Beziehungen zum Beleg &1 anzeigen;Display Relationships for Document &1;SD;ASH4
de-DE;en-US;Fakturabeleg &1 anzeigen aus dem Archiv;Display Billing Document &1 from the Archive;SD;ASH4
de-DE;en-US;Kontaktbeleg &1 anzeigen aus dem Archiv;Display Contact Document &1 from the Archive;SD;ASH4
de-DE;en-US;Lieferungsbeleg &1 anzeigen aus dem Archiv;Display Delivery Document &1 from the Archive;SD;ASH4
de-DE;en-US;Sich. in PC-Datei...;Save to PC File...;SD;ASH4
de-DE;en-US;Verkaufsbeleg &1 anzeigen aus dem Archiv;Display Sales Document &1 from the Archive;SD;ASH4
de-DE;en-US;Farb/Zeichenlegende;Color/Character Key;BC;BDLS
de-DE;en-US;Farbe/Legende;Color/Legend;BC;BDLS
de-DE;en-US;Knoten expandieren;Expand Node;BC;BDLS
de-DE;en-US;Knoten komprimieren;Collapse Node;BC;BDLS
de-DE;en-US;Löschen der Umsetzungsprotokolle;Deleting Conversion Logs;BC;BDLS
de-DE;en-US;Parametrisieren;Set Parameters;BC;BDLS
de-DE;en-US;Protokolle;Logs;BC;BDLS
de-DE;en-US;Umsetzung der logischen Systemnamen: Überblick vom System &;Conversion of Logical System Names: Overview of System &;BC;BDLS
de-DE;en-US;Umsetzungsparameter;Conversion Parameters;BC;BDLS
de-DE;en-US;Zum Löschen;To Delete;BC;BDLS
de-DE;en-US;BDT: Konsistenzprüfung für Steuerungstabellen;BDT: Consistency Check for Control Table;AE;BDT_CHECK_MESSAGES
de-DE;en-US;Berichtsbaum;Report Tree;AE;BDT_CHECK_MESSAGES
de-DE;en-US;Funktionen;Functions;AE;BDT_CHECK_MESSAGES
de-DE;en-US;Sichern/Senden;Save/Send;AE;BDT_CHECK_MESSAGES
de-DE;en-US;Starten Programm;Start Program;AE;BDT_CHECK_MESSAGES
de-DE;en-US;Suchen nach...;Find...;AE;BDT_CHECK_MESSAGES
de-DE;en-US;Transportieren;Transport;AE;BDT_CHECK_MESSAGES
de-DE;en-US;Wertemenge;Value Set;AE;BDT_CHECK_MESSAGES
de-DE;en-US;Auswahl;Selection criteria;BC;BM_FUNC
de-DE;en-US;Langtext;Long Text;BC;BM_FUNC
de-DE;en-US;\bernehmen;Transfer;BC;BM_FUNC
de-DE;en-US;& &: Zahlwege &;& & Payment Methods &;CA;BPAR
de-DE;en-US;001-Erweiterung;001-Supplement;CA;BPAR
de-DE;en-US;002-Erweiterung;002-Supplement;CA;BPAR
de-DE;en-US;003-Erweiterung;003-Supplement;CA;BPAR
de-DE;en-US;Abgel. Bewegung;Derived Flow;CA;BPAR
de-DE;en-US;Abgel. Bewegungen;Derived Flows;CA;BPAR
de-DE;en-US;Adressen;Addresses;CA;BPAR
de-DE;en-US;Adreßaufkleber;Address Label;CA;BPAR
de-DE;en-US;Allg. Rollen-Daten;General Role Data;CA;BPAR
de-DE;en-US;Allgemeine Rollen-Daten;General Role Data;CA;BPAR
de-DE;en-US;Anderer Partner;Other Partner;CA;BPAR
de-DE;en-US;Anl. mit DebitVorg.;Create with Customer;CA;BPAR
de-DE;en-US;Anlegen mit Debitorenvorgabe: Einstieg;Create with Customer: Initial Screen;CA;BPAR
de-DE;en-US;Anschrift zuordnen;Assign Address;CA;BPAR
de-DE;en-US;Anschrift ändern;Change Address;CA;BPAR
de-DE;en-US;Anschriftsübersicht;Address Overview;CA;BPAR
de-DE;en-US;Autom. Zahlungsverk.;Automatic Payment Transactions;CA;BPAR
de-DE;en-US;Bankdaten;Bank Data;CA;BPAR
de-DE;en-US;Bankverbindungen;Bank Details;CA;BPAR
de-DE;en-US;Bankwege Empfänger;Bank Chain Receiver;CA;BPAR
de-DE;en-US;Bankwege Sender;Bank Chain Sender;CA;BPAR
de-DE;en-US;Bankwege für ausgehende Zahlungen;Bank Chains for Outgoing Payments;CA;BPAR
de-DE;en-US;Bankwege für eingehende Zahlungen;Bank Chains for Incoming Payments;CA;BPAR
de-DE;en-US;Berechtigung;Authorization;CA;BPAR
de-DE;en-US;Berechtigungen;Authorizations;CA;BPAR
de-DE;en-US;Beschäftigungsdaten;Employment Data;CA;BPAR
de-DE;en-US;Bonität;Credit Standing;CA;BPAR
de-DE;en-US;Buchungskreis;Company Code;CA;BPAR
de-DE;en-US;Buchungskreis-Daten;Company Code Data;CA;BPAR
de-DE;en-US;Debitorennummer;Customer Number;CA;BPAR
de-DE;en-US;Details Bank;Bank Details;CA;BPAR
de-DE;en-US;Erstes Bild;First Screen;CA;BPAR
de-DE;en-US;Freigabehistorie;Release History;CA;BPAR
de-DE;en-US;Geschäftsjahre;Fiscal Years;CA;BPAR
de-DE;en-US;Geschäftspartner;Business Partner;CA;BPAR
de-DE;en-US;Geschäftspartner &: &;&1 Business Partner: &2;CA;BPAR
de-DE;en-US;Geschäftspartner &: Anschrift;& Business Partner: Address;CA;BPAR
de-DE;en-US;Geschäftspartner &: Anschriftsübersicht;& Business Partner: Address Overview;CA;BPAR
de-DE;en-US;Geschäftspartner &: Bankverbindungen;& Business Partner: Bank Details;CA;BPAR
de-DE;en-US;Geschäftspartner &: Beschäftigungsdaten;& Business Partner: Employment Data;CA;BPAR
de-DE;en-US;Geschäftspartner &: Einstieg;& Business Partner: Initial Screen;CA;BPAR
de-DE;en-US;Geschäftspartner &: Geschäftsjahresdaten;& Business Partner: Fiscal Year Data;CA;BPAR
de-DE;en-US;Geschäftspartner &: Juristische Daten;& Business Partner: Legal Data;CA;BPAR
de-DE;en-US;Geschäftspartner &: Name;& Business Partner: Name;CA;BPAR
de-DE;en-US;Geschäftspartner &: Persönliche Daten;& Business Partner: Personal Data;CA;BPAR
de-DE;en-US;Juristische Daten;Legal Data;CA;BPAR
de-DE;en-US;Kontenverzinsung;Account Balance Interest Calculation;CA;BPAR
de-DE;en-US;Kontoführung;Account Management;CA;BPAR
de-DE;en-US;Korrespondenz;Correspondence;CA;BPAR
de-DE;en-US;Letztes Bild;Last Screen;CA;BPAR
de-DE;en-US;Mahnbereiche;Dunning Areas;CA;BPAR
de-DE;en-US;Mahndaten;Dunning Data;CA;BPAR
de-DE;en-US;Meldedaten;Regulatory Reporting Data;CA;BPAR
de-DE;en-US;Name;this is actually a red line, don't add it;CA;BPAR
de-DE;en-US;Notizen;Notes;CA;BPAR
de-DE;en-US;Nächste Rolle;Next Role;CA;BPAR
de-DE;en-US;Nächstes Bild;Next Screen;CA;BPAR
de-DE;en-US;Organisationselemente;Organizational Elements;CA;BPAR
de-DE;en-US;Persönliche Daten;Personal Data;CA;BPAR
de-DE;en-US;Rollendaten;Role Data;CA;BPAR
de-DE;en-US;Rollentyp hinzufügen;Add Role Category;CA;BPAR
de-DE;en-US;Rollenübersicht;Role Overview;CA;BPAR
de-DE;en-US;Standing Instr.;Standing Instructions;CA;BPAR
de-DE;en-US;Standing Instruct.;Standing Instructions;CA;BPAR
de-DE;en-US;Steuerdaten;Tax Data;CA;BPAR
de-DE;en-US;Steuerung;Control;CA;BPAR
de-DE;en-US;Telekommunikation;Telecommunication;CA;BPAR
de-DE;en-US;Verwaltungsdaten;Administrative Data;CA;BPAR
de-DE;en-US;Verwaltungsdaten...;Administrative Data...;CA;BPAR
de-DE;en-US;Verwendungen;Where-Used List;CA;BPAR
de-DE;en-US;Vorige Rolle;Previous Role;CA;BPAR
de-DE;en-US;Voriges Bild;Previous Screen;CA;BPAR
de-DE;en-US;Zahldaten;Payment Data;CA;BPAR
de-DE;en-US;Zahlungsvebindungen;Payment Details;CA;BPAR
de-DE;en-US;Zahlungsverbindung;Payment Details;CA;BPAR
de-DE;en-US;Zentrale Daten;Central Data;CA;BPAR
de-DE;en-US;Zusatzdaten;Additional Data;CA;BPAR
de-DE;en-US;Änd. mit DebitVorg.;Change with Customer;CA;BPAR
de-DE;en-US;Ändern mit Debitorenvorgabe: Einstieg;Change with Customer: Initial Screen;CA;BPAR
de-DE;en-US;Änderungbelege;Change Documents;CA;BPAR
de-DE;en-US;Änderungsbelege;Change Documents;CA;BPAR
de-DE;en-US;& auswählen: Einstieg;Choose &: Initial Screen;CA;BPCD
de-DE;en-US;& auswählen: Übersicht;Choose &: Overview;CA;BPCD
de-DE;en-US;Alle entmark.;Deselect All;CA;BPCD
de-DE;en-US;Andere Selektion;Other Selection;CA;BPCD
de-DE;en-US;Debitor auswählen: Einstieg;Choose Customer: Initial Screen;CA;BPCD
de-DE;en-US;Debitor zuordnen;Assign Customer;CA;BPCD
de-DE;en-US;Markieren/Entmark.;Select/Deselect;CA;BPCD
de-DE;en-US;Nat. Person anlegen;Create Natural Person;CA;BPCD
de-DE;en-US;Neue Selektion;New Selection;CA;BPCD
de-DE;en-US;Organisation;Organization;CA;BPCD
de-DE;en-US;Organisation anlegen;Create Organization;CA;BPCD
de-DE;en-US;Sammelpartner;Collective Partner;CA;BPCD
de-DE;en-US;Sammelpartner anl.;Create collective partner;CA;BPCD
de-DE;en-US;Sortieren auf Feld;Sort on Field;CA;BPCD
de-DE;en-US;Feldnachweis;Field Check;CA;BPD0
de-DE;en-US;Feldstatus;Field Status;CA;BPD0
de-DE;en-US;Sichern in PC-Datei;Save to PC file;CA;BPD0
de-DE;en-US;Notizen: Auswahl;Notes: Choose;CA;BPN2
de-DE;en-US;Notizen: Bearbeiten;Notes: Edit;CA;BPN2
de-DE;en-US;Absenderland...;Sending Country...;CA;BPPC
de-DE;en-US;Adreßaufkleber: Ändern;Address Label: Change;CA;BPPC
de-DE;en-US;Geschäftspartner zu einer Adresse;Business Partner for an Address;CA;BPPC
de-DE;en-US;Ausgehende Beziehungen Geschäftspartner &1;Outgoing Relationships: Business Partner &1;CA;BPRP
de-DE;en-US;Ausschnitt setzen;Set Focus;CA;BPRP
de-DE;en-US;Eingehende Beziehungen Geschäftspartner &;Ingoing Relationships: Business Partner &2;CA;BPRP
de-DE;en-US;Aufriß festlegen...;Define Breakdown...;FI;BSPL
de-DE;en-US;Berichtszuordnung...;Report Assignment...;FI;BSPL
de-DE;en-US;Geschäftsbereich;Business Area;FI;BSPL
de-DE;en-US;Listenstatus...;List Status;FI;BSPL
de-DE;en-US;Lokale Datei...;Local File;FI;BSPL
de-DE;en-US;Programm;Program;FI;BSPL
de-DE;en-US;Selektionsbedingungen...;Selection Conditions...;FI;BSPL
de-DE;en-US;Auszug anzeigen;Display statement;FN;BSSIM
de-DE;en-US;Bestätigen;Confirm;FN;BSSIM
de-DE;en-US;Buchungsprotokoll;Posting log;FN;BSSIM
de-DE;en-US;Buchungsprotokoll anzeigen;Display posting log;FN;BSSIM
de-DE;en-US;Kontoauszug anzeigen  (STRG-F5);Display Bank Statement (CTRL F5);FN;BSSIM
de-DE;en-US;Liste der Suchmuster;List of search strings;FN;BSSIM
de-DE;en-US;Mustersuche simulieren (F8);Simulate String Search (F8);FN;BSSIM
de-DE;en-US;Simulation Suchmustersuche;Search String Search Simulation;FN;BSSIM
de-DE;en-US;Simulation starten;Start simulation;FN;BSSIM
de-DE;en-US;Zurück zu Suchmusterliste;Back to search string list;FN;BSSIM
de-DE;en-US;Aktivieren;Activate;CA;BSVA
de-DE;en-US;Alle;All;CA;BSVA
de-DE;en-US;Anw.Status löschen;Delete user status;CA;BSVA
de-DE;en-US;Anw.Status setzen...;Set user status...;CA;BSVA
de-DE;en-US;AnwendStatus;User status;CA;BSVA
de-DE;en-US;Anwenderstatus;User Status;CA;BSVA
de-DE;en-US;Anwenderstatus anzeigen;Display user status;CA;BSVA
de-DE;en-US;Anwenderstatus setzen;Set User Status;CA;BSVA
de-DE;en-US;Ausblenden;Hide;CA;BSVA
de-DE;en-US;Auswertungen;Analyses;CA;BSVA
de-DE;en-US;Barbeiten;Edit;CA;BSVA
de-DE;en-US;Betriebswirtschaftliche Vorgänge;Business Transactions;CA;BSVA
de-DE;en-US;Betrw. Vorgänge...;Business transactions;CA;BSVA
de-DE;en-US;Betrw.Vorgänge;Business transactions;CA;BSVA
de-DE;en-US;Direkteingabe;Direct entry;CA;BSVA
de-DE;en-US;Einblenden;Show;CA;BSVA
de-DE;en-US;Erstes Objekt;First object;CA;BSVA
de-DE;en-US;Erstes Statusobjekt;First status object;CA;BSVA
de-DE;en-US;Gesamtüberblick;General Overview;CA;BSVA
de-DE;en-US;Information zur Statusverwaltung;Status management information;CA;BSVA
de-DE;en-US;Langtext zu Status;Status long text;CA;BSVA
de-DE;en-US;Langtext...;Long text...;CA;BSVA
de-DE;en-US;Letztes Objekt;Last object;CA;BSVA
de-DE;en-US;Letztes Statusobjekt;Last status object;CA;BSVA
de-DE;en-US;Markieren/Entmark.;Select/deselect;CA;BSVA
de-DE;en-US;Nächster Vorgang;Next transaction/event;CA;BSVA
de-DE;en-US;Nächstes Objekt;Next Object;CA;BSVA
de-DE;en-US;Nächstes Statusobjekt;Next status object;CA;BSVA
de-DE;en-US;Schema ändern...;Change schema...;CA;BSVA
de-DE;en-US;Status anzeigen;Display Status;CA;BSVA
de-DE;en-US;Status anzeigen: Gesamtübersicht;Display Status: Overview;CA;BSVA
de-DE;en-US;Status löschen;Delete status;CA;BSVA
de-DE;en-US;Status setzen;Set status;CA;BSVA
de-DE;en-US;Status zurücksetzen;Reset status;CA;BSVA
de-DE;en-US;Status ändern;Change Status;CA;BSVA
de-DE;en-US;Status ändern: Gesamtübersicht;Change Status: Overview;CA;BSVA
de-DE;en-US;Statusobjekt...;Status object;CA;BSVA
de-DE;en-US;Statuspflege;Status maintenance;CA;BSVA
de-DE;en-US;Statusschema;Status profile;CA;BSVA
de-DE;en-US;Statusschema ändern;Change Status Profile;CA;BSVA
de-DE;en-US;Statusänd. ausführen;Change status;CA;BSVA
de-DE;en-US;Statusänd. prüfen;Check status change;CA;BSVA
de-DE;en-US;Statusänderungen;Status changes;CA;BSVA
de-DE;en-US;Techn. Informationen;Technical Information;CA;BSVA
de-DE;en-US;Techn.Informationen;Technical information;CA;BSVA
de-DE;en-US;Vorgang;Transaction;CA;BSVA
de-DE;en-US;Vorgangsanalyse;Transaction Analysis;CA;BSVA
de-DE;en-US;Vorgangsanalyse...;Transaction analysis;CA;BSVA
de-DE;en-US;Voriger Vorgang;Previous transaction;CA;BSVA
de-DE;en-US;Voriges Objekt;Previous object;CA;BSVA
de-DE;en-US;Voriges Statusobjekt;Previous status object;CA;BSVA
de-DE;en-US;Zum Objekttypen;Object type;CA;BSVA
de-DE;en-US;Zum Status;For status;CA;BSVA
de-DE;en-US;Zum Statusschema;Status profile;CA;BSVA
de-DE;en-US;Zum Systemstatus;System status;CA;BSVA
de-DE;en-US;Überblick;Overview;CA;BSVA
de-DE;en-US;Adressverwendung &1 anlegen: Adresse auswählen;Create Address Usage &1: Choose Address;AE;BUA0
de-DE;en-US;Adressverwendung anlegen: Adresse auswählen;Create address usage: Choose address;AE;BUA0
de-DE;en-US;Eingaben prüfen;Check Entries;AE;BUA0
de-DE;en-US;Gültigkeitszeitraum Adressverwendungen;Address Usages Validity Period;AE;BUA0
de-DE;en-US;Stornieren;Reverse;AE;BUA0
de-DE;en-US;Umzug Adresse &1;Move Address &1;AE;BUA0
de-DE;en-US;Kommunikationswege von;Communication Paths From;AE;BUA_BCS
de-DE;en-US;Alle nicht in Auftr.;All Entries Not in Order;AE;BUC2
de-DE;en-US;Feldmodifikation;Field Grouping;AE;BUC2
de-DE;en-US;Übernehmen;Enter;AE;BUC2
de-DE;en-US;Konfiguration;Configuration;AE;BUC3
de-DE;en-US;Feldmodifikation;Field grouping;AE;BUCR
de-DE;en-US;Andere Suchhilfe;Other Search Help;AE;BUD0
de-DE;en-US;Anderes Bild;Other Screen;AE;BUD0
de-DE;en-US;Anlage/Änderung;Create/Change;AE;BUD0
de-DE;en-US;Archiviervormerkung;Archiving Flag;AE;BUD0
de-DE;en-US;Daten zur Selektion;Data for Selection;AE;BUD0
de-DE;en-US;Dokumente;Documents;AE;BUD0
de-DE;en-US;Feldänderungen;Field Changes;AE;BUD0
de-DE;en-US;GP-Rollen des Geschäftspartners &1 &2;BP Roles of Business Partners &1 &2;AE;BUD0
de-DE;en-US;Geplante Änderungen;Scheduled Changes;AE;BUD0
de-DE;en-US;Gültigkeitszeitraum Bankverbindungen;Bank Details Validity Period;AE;BUD0
de-DE;en-US;Gültigkeitszeitraum für zentrale Daten anlegen;Create Validity Period of Central Data;AE;BUD0
de-DE;en-US;Gültigkeitszeiträume der zentralen Daten anzeigen;Display Validity Periods of Central Data;AE;BUD0
de-DE;en-US;Gültigkeitszeiträume der zentralen Daten bearbeiten;Maintain Validity Periods of Central Data;AE;BUD0
de-DE;en-US;Intervalle aktualisieren;Update Intervals;AE;BUD0
de-DE;en-US;Nichtgesicherte Geschäftspartner;Unsaved Business Partners;AE;BUD0
de-DE;en-US;Partneränderungen;Partner Changes;AE;BUD0
de-DE;en-US;Registereintragungen;Register Entries;AE;BUD0
de-DE;en-US;Sperrdaten;Blocking Data;AE;BUD0
de-DE;en-US;Statusinformation;Status Information;AE;BUD0
de-DE;en-US;Verwendungsnachweis für GP-Rolle &1;Where-Used List for BP Role &1;AE;BUD0
de-DE;en-US;Wechsel von Bankverbindungen;Change of Bank Details;AE;BUD0
de-DE;en-US;Weitere Bearbeitung;Further Processing;AE;BUD0
de-DE;en-US;Weitere Funktionen;Additional Functions;AE;BUD0
de-DE;en-US;Weitere Sprungziele;More Options;AE;BUD0
de-DE;en-US;Weitere Zusätze;More Extras;AE;BUD0
de-DE;en-US;Weiteres Umfeld;Additional Environment;AE;BUD0
de-DE;en-US;Zahlungskarten Detail;Payment Card Details;AE;BUD0
de-DE;en-US;Zurück (Exit);Back (Exit);AE;BUD0
de-DE;en-US;Bereinigungsfall anlegen;Create Cleansing Case;AE;BUD0_MISC
de-DE;en-US;Beziehung anzeigen;Create Relationship;AE;BUD0_MISC
de-DE;en-US;Datenbereinigungsfall anlegen;Create Data Cleansing Case;AE;BUD0_MISC
de-DE;en-US;Dubletten & & & &;Duplicates & & & &;AE;BUD0_MISC
de-DE;en-US;Dubletten &1 ( &2 );Duplicates &1 ( &2 );AE;BUD0_MISC
de-DE;en-US;Fortfahren mit Geschäftspartnerbearbeitung;Continue with Business Partner Maintenance;AE;BUD0_MISC
de-DE;en-US;Partner anzeigen;Display Partner;AE;BUD0_MISC
de-DE;en-US;Selektierte Dublette auswählen;Choose Selected Duplicate;AE;BUD0_MISC
de-DE;en-US;Wechseln zu Dublette;Switch to Duplicate;AE;BUD0_MISC
de-DE;en-US;Anfangswerte;Initial values;AE;BUD0_USED
de-DE;en-US;Knoten anhängen;Append node;AE;BUD0_USED
de-DE;en-US;Knoten löschen;Delete node;AE;BUD0_USED
de-DE;en-US;Knoten übernehmen;Transfer node;AE;BUD0_USED
de-DE;en-US;Neuer Knoten-Brude;New node sibling;AE;BUD0_USED
de-DE;en-US;Neuer Knoten-Bruder;New node sibling;AE;BUD0_USED
de-DE;en-US;Neuer Knoten-Kind;New node child;AE;BUD0_USED
de-DE;en-US;Struktur;Structure;AE;BUD0_USED
de-DE;en-US;Geschäftspartner bestätigen;Confirm Business Partner;AE;BUD1
de-DE;en-US;Geschäftspartner suchen;Find Business Partner;AE;BUD1
de-DE;en-US;Geschäftspartnernummer;Business Partner Number;AE;BUD1
de-DE;en-US;Auswahl zu aktivierender Anwenderstatus;Selection of User Statuses to Be Activated;AE;BUD_STATUS
de-DE;en-US;Markierte Status übernehmen;Transfer Selected Status;AE;BUD_STATUS
de-DE;en-US;&1 Treffer;&1 Hit/s;AE;BUH1
de-DE;en-US;Anzeigevariante;Layout;AE;BUH1
de-DE;en-US;Aufriß festlegen...;Define Drilldown...;AE;BUH1
de-DE;en-US;Breite optimieren;Optimize Width;AE;BUH1
de-DE;en-US;Control ein/aus;Control On/Off;AE;BUH1
de-DE;en-US;Detail auswählen;Choose Detail;AE;BUH1
de-DE;en-US;Senden...;Send...;AE;BUH1
de-DE;en-US;Weitere Berichte;More Reports;AE;BUH1
de-DE;en-US;Werte summieren;Display Sum;AE;BUH1
de-DE;en-US;Alle Markierungen löschen;Deselect All;AE;BUPA_INDUSTRY_SECTORS
de-DE;en-US;Alles expandieren;Expand All;AE;BUPA_INDUSTRY_SECTORS
de-DE;en-US;Alles kompremieren;Compress All;AE;BUPA_INDUSTRY_SECTORS
de-DE;en-US;Auswahl Branchen;Select Industries;AE;BUPA_INDUSTRY_SECTORS
de-DE;en-US;Branchen;Industries;AE;BUPA_INDUSTRY_SECTORS
de-DE;en-US;Default Branchensystem ändern;Change Default Industry System;AE;BUPA_INDUSTRY_SECTORS
de-DE;en-US;Detailsicht;Detail View;AE;BUPA_INDUSTRY_SECTORS
de-DE;en-US;Eintrag löschen;Delete Entry;AE;BUPA_INDUSTRY_SECTORS
de-DE;en-US;Pflege Branchen;Maintain Industries;AE;BUPA_INDUSTRY_SECTORS
de-DE;en-US;System/Branchen anlegen;Create System/Industries;AE;BUPA_INDUSTRY_SECTORS
de-DE;en-US;Technische Schlüssel ausblenden;Hide Technical Key;AE;BUPA_INDUSTRY_SECTORS
de-DE;en-US;Technische Schlüssel ein;Technical Key On;AE;BUPA_INDUSTRY_SECTORS
de-DE;en-US;Technische Schlüssel einblenden;Show Technical Key;AE;BUPA_INDUSTRY_SECTORS
de-DE;en-US;Technischer Schlüssel aus;Technical Key Off;AE;BUPA_INDUSTRY_SECTORS
de-DE;en-US;Werte einschränken;Restrict Values;AE;BUPA_INDUSTRY_SECTORS
de-DE;en-US;& anlegen;Create &;AE;BURS
de-DE;en-US;& anlegen: Sammelerfassung;Create &: Collective Entry;AE;BURS
de-DE;en-US;& kopieren;Copy &;AE;BURS
de-DE;en-US;&1 &2: Verwaltungsdaten &3 &4;&1 &2: Management Data &3 &4;AE;BURS
de-DE;en-US;&1 &2: Weitere Differenzierung;&1 &2: Further Differentiation;AE;BURS
de-DE;en-US;&1 &2: Übersicht;&1 &2: Overview;AE;BURS
de-DE;en-US;BDT-Diagnose;BDT Diagnosis;AE;BURS
de-DE;en-US;Gültigkeit ändern;Change Validity;AE;BURS
de-DE;en-US;Internen Partner auswählen;Choose Internal Partner;AE;BURS
de-DE;en-US;Listaufbereitung einstellen;Set List Format;AE;BURS
de-DE;en-US;Listeinstellungen;List Settings;AE;BURS
de-DE;en-US;Markieren +/-;Select/Deselect;AE;BURS
de-DE;en-US;Partner anlegen;Create Partner;AE;BURS
de-DE;en-US;Partner ändern;Change Partner;AE;BURS
de-DE;en-US;Vorherige Bildebene;Previous Screen Level;AE;BURS
de-DE;en-US;Weitere Bearbtg. ...;Additional Processing ...;AE;BURS
de-DE;en-US;Weitere Funktion ...;Additional Functions ...;AE;BURS
de-DE;en-US;Weitere Ziele ...;Additional Targets ...;AE;BURS
de-DE;en-US;Weitere Zusätze ...;Further Additions ...;AE;BURS
de-DE;en-US;Weiteres Umfeld ...;Additional Environment ...;AE;BURS
de-DE;en-US;Zeile löschen;Delete Line;AE;BURS
de-DE;en-US;Änderungshistorie;Change History;AE;BURS
de-DE;en-US;... als Wurzelknoten festlegen;... Define as Root Node;AE;BUR_DISP_DATA
de-DE;en-US;Alternativen Pfad wählen;Choose Alternative Path;AE;BUR_DISP_DATA
de-DE;en-US;Ausgehende Beziehung;Outbound Relationship;AE;BUR_DISP_DATA
de-DE;en-US;Ausgehende Beziehungen;Outgoing links;AE;BUR_DISP_DATA
de-DE;en-US;Beziehung anlegen;Create Relationship;AE;BUR_DISP_DATA
de-DE;en-US;Beziehung umhängen;Reassign Relationship;AE;BUR_DISP_DATA
de-DE;en-US;Beziehungen anzeigen;Display relationships;AE;BUR_DISP_DATA
de-DE;en-US;Drag&&Drop Verhalten;Drag&Drop Behavior;AE;BUR_DISP_DATA
de-DE;en-US;Eingehende Beziehung;Inbound Relationship;AE;BUR_DISP_DATA
de-DE;en-US;Eingehende Beziehungen;Incoming Relationships;AE;BUR_DISP_DATA
de-DE;en-US;Geschäftspartner Beziehungen (graphisch);Business Partner Relationships (Graphical);AE;BUR_DISP_DATA
de-DE;en-US;Geschäftspartner pflegen;Maintain Business Partner;AE;BUR_DISP_DATA
de-DE;en-US;Geschäftspartnerpfle;Business Partner Maintenance;AE;BUR_DISP_DATA
de-DE;en-US;Partner hinzufügen;Add Partner;AE;BUR_DISP_DATA
de-DE;en-US;Partner pflegen;Maintain partner;AE;BUR_DISP_DATA
de-DE;en-US;Partner unsichtbar;Partner Not Visible;AE;BUR_DISP_DATA
de-DE;en-US;Auswahl;Selection Criteria;AE;BUS0
de-DE;en-US;Verwendungsnachweis;Where-Used List;AE;BUS0
de-DE;en-US;Verzweigen;Go To;AE;BUS3
de-DE;en-US;Datenset auswählen;Select Data Set;AE;BUS5
de-DE;en-US;Feldnachweis;Field check;AE;BUS5
de-DE;en-US;Feldstatus;Field status;AE;BUS5
de-DE;en-US;Nächste Gruppe;Next group;AE;BUS5
de-DE;en-US;Untergruppennachweis;Subgroup list;AE;BUS5
de-DE;en-US;Vorige Gruppe;Previous group;AE;BUS5
de-DE;en-US;Abgrenzen;Define;AE;BUS8
de-DE;en-US;Anzeigevarianten;Layouts;AE;BUS8
de-DE;en-US;Selects Anzeigen;Display Selections;AE;BUS8
de-DE;en-US;Selects Generieren;Generate selections;AE;BUS8
de-DE;en-US;Selects Generieren;Generate Selections;AE;BUS8
de-DE;en-US;Suchhilfe;Search Help;AE;BUS8
de-DE;en-US;Testen;Test;AE;BUS8
de-DE;en-US;Verwaltung;Administration;AE;BUS8
de-DE;en-US;View & testen;Test View &;AE;BUS8
de-DE;en-US;Alle Auswählen;Select All;AE;BUSA
de-DE;en-US;Anlegen Kinder;Create Subordinate Nodes;AE;BUSA
de-DE;en-US;Anwendungsobjekt für Änderungsbelege;Application Object for Change Documents;AE;BUSA
de-DE;en-US;Anzuzeigende Sätze;Records for Display;AE;BUSA
de-DE;en-US;Auswahl löschen;Delete Selection;AE;BUSA
de-DE;en-US;Bruder+;Same-level node+;AE;BUSA
de-DE;en-US;Bruder-;Same-level node-;AE;BUSA
de-DE;en-US;Farblegende;Color Legend;AE;BUSA
de-DE;en-US;Farblegende Änderungsbelege;Color Legend Change Documents;AE;BUSA
de-DE;en-US;Geänderte Felder auswählen;Select Changed Fields;AE;BUSA
de-DE;en-US;Ja;Yes;AE;BUSA
de-DE;en-US;Knoten markieren +/-;Select nodes +/-;AE;BUSA
de-DE;en-US;Reportingbaum;Report Tree;AE;BUSA
de-DE;en-US;Sort. nach Feldname;Sort by Field Name;AE;BUSA
de-DE;en-US;Sort. nach Objekt;Sort by Object;AE;BUSA
de-DE;en-US;Sort. nach Zeit;Sort by Time;AE;BUSA
de-DE;en-US;Sort. nach Änderer;Sort by Changer;AE;BUSA
de-DE;en-US;Sortierung;Sort Order;AE;BUSA
de-DE;en-US;Sprung zum Original;Go to Original;AE;BUSA
de-DE;en-US;Techn.Feldn. ein/aus;Tech. Field Name On/Off;AE;BUSA
de-DE;en-US;Teilb. markieren +/-;Select sub-tree +/-;AE;BUSA
de-DE;en-US;Umbenennen;Rename;AE;BUSA
de-DE;en-US;Umhängen;Reassign;AE;BUSA
de-DE;en-US;Umhängen (als Kind);Reassign (as Subnode);AE;BUSA
de-DE;en-US;Voriger Bruder;Previous same-level node;AE;BUSA
de-DE;en-US;ZGP: Bildsimulation alphanumerisch;CBP: Alphanumeric Screen Simulation;AE;BUSA
de-DE;en-US;Zurück zur Referenz;Back to Reference;AE;BUSA
de-DE;en-US;Änderungsbelege: &1;Change Documents: &1;AE;BUSA
de-DE;en-US;Weitere Funktionen;Further Functions;AE;BUSC
de-DE;en-US;Aufgetretene Meldungen;Messages That Occurred;AE;BUSM
de-DE;en-US;Aufgetretene Meldungen: Detail;Messages That Occurred: Details;AE;BUSM
de-DE;en-US;Verzweigen;Go to;AE;BUSM
de-DE;en-US;&1 bzw. &2 wählen;Choose &1 or &2;AE;BUSS
de-DE;en-US;&1 wählen;Choose &1;AE;BUSS
de-DE;en-US;Aus;Hide;AE;BUSS
de-DE;en-US;Ein;On;AE;BUSS
de-DE;en-US;Log ausschalten;Deactivate Log;AE;BUSS
de-DE;en-US;Log einschalten;Activate Log;AE;BUSS
de-DE;en-US;Log löschen;Delete Log;AE;BUSS
de-DE;en-US;Matchcode-Auswahl;Match Code Selection;AE;BUSS
de-DE;en-US;Anlegen eines Knotens eine Hierarchieebene tiefer;Create a Node One Hierarchy Level Down;AE;BUSS_USED
de-DE;en-US;Anwendungsobjekt eingeben;Enter Application Object;AE;BUSS_USED
de-DE;en-US;Arbeitsablauf beachten!;Pay Attention to Work Flow!;AE;BUSS_USED
de-DE;en-US;Aufnahme eines ausgewählten Knoten in einen Transportauftrag;Include Selected Node in Transport Request;AE;BUSS_USED
de-DE;en-US;Knoten anlegen;Create Node/s;AE;BUSS_USED
de-DE;en-US;Knoten transp.;Transport Node;AE;BUSS_USED
de-DE;en-US;Knotenkonfiguration ändern;Change Node Configuration;AE;BUSS_USED
de-DE;en-US;Ladezeitpunkt ändern;Change Time of Loading;AE;BUSS_USED
de-DE;en-US;Löschen eines markierten Knotens;Delete Selected Node;AE;BUSS_USED
de-DE;en-US;Neuer Knoten;New node;AE;BUSS_USED
de-DE;en-US;Objektverwendungsnachweis: Struktur anlegen/bearbeiten;Object Where-Used List: Create/Edit Structure;AE;BUSS_USED
de-DE;en-US;Verwendungsnachweis: View anlegen/bearbeiten;Where-Used List: Create/Edit View;AE;BUSS_USED
de-DE;en-US;Zurückstellen auf die Einstiegsstruktur;Reset to Initial Structure;AE;BUSS_USED
de-DE;en-US;Aus Auftrag löschen;Delete from Order;AE;BUSS_VCT
de-DE;en-US;Aus Auftrag löschen (spezifisch);Delete from Order (Specific);AE;BUSS_VCT
de-DE;en-US;Aus Auftrag löschen (übergreifend);Delete from Order (Overall);AE;BUSS_VCT
de-DE;en-US;Bildfolge;Screen Sequence;AE;BUSS_VCT
de-DE;en-US;Bildfolge aus Transportauftrag löschen;Delete Screen Sequence from Transport Request;AE;BUSS_VCT
de-DE;en-US;Bildfolge in Transportauftrag aufnehmen;Include Screen Sequence in Transport Request;AE;BUSS_VCT
de-DE;en-US;Bildkonfiguration anzeigen;Display Screen Configuration;AE;BUSS_VCT
de-DE;en-US;Bildkonfiguration transportieren;Transport Screen Configuration;AE;BUSS_VCT
de-DE;en-US;Bildkonfiguration ändern;Change Screen Configuration;AE;BUSS_VCT
de-DE;en-US;In Auftrag aufnehmen (spezifisch);Include in Order (Specific);AE;BUSS_VCT
de-DE;en-US;In Auftrag aufnehmen (übergreifend);Include in Order (Overall);AE;BUSS_VCT
de-DE;en-US;Konfigurieren;Configure;AE;BUSS_VCT
de-DE;en-US;Spezifische Änderung;Specific Change;AE;BUSS_VCT
de-DE;en-US;Texte ändern/übersetzen;Change/Translate Texts;AE;BUSS_VCT
de-DE;en-US;Transportauftrag anlegen/auswählen;Create/Select Transport Request;AE;BUSS_VCT
de-DE;en-US;Zurücksetzen;Reset;AE;BUSS_VCT
de-DE;en-US;Zurücksetzen Standard;Reset to Standard;AE;BUSS_VCT
de-DE;en-US;Übergreifende Änderung;Overall Change;AE;BUSS_VCT
de-DE;en-US;Übersetzung anpassen;Adapt Translation;AE;BUSS_VCT
de-DE;en-US;Berichtsbaum;Report tree;AE;BUSW
de-DE;en-US;Sichern/Senden;Save/send;AE;BUSW
de-DE;en-US;Standard Selektion;Standard selection;AE;BUSW
de-DE;en-US;Eingaben prüfen;Check entries;AE;BUS_LOCATOR_DEMO_PROVIDE
de-DE;en-US;Locator an/aus;Locator On/Off;AE;BUS_LOCATOR_DEMO_PROVIDE
de-DE;en-US;Locator verbreitern;Extend Locator;AE;BUS_LOCATOR_DEMO_PROVIDE
de-DE;en-US;Locator verkleinern;Reduce Locator;AE;BUS_LOCATOR_DEMO_PROVIDE
de-DE;en-US;Nächster Partner;Next partner;AE;BUS_LOCATOR_DEMO_PROVIDE
de-DE;en-US;Voriger Partner;Previous partner;AE;BUS_LOCATOR_DEMO_PROVIDE
de-DE;en-US;Customizing prüfen;Check Customizing;AE;BUS_LOCATOR_DEMO_USE
de-DE;en-US;Historie löschen;Delete history;AE;BUS_LOCATOR_DEMO_USE
de-DE;en-US;Laufzeitmessung an/aus;Runtime Measurement On/Off;AE;BUS_LOCATOR_DEMO_USE
de-DE;en-US;Vollbild;Full screen;AE;BUS_LOCATOR_DEMO_USE
de-DE;en-US;Benutzerspez. Speichern;Store user specification;PS;BZID
de-DE;en-US;Einstellung;Configuration;PS;BZID
de-DE;en-US;Einstellung der aktuellen var. Id.;Current Variable ID Configuration;PS;BZID
de-DE;en-US;Nächste;Next;PS;BZID
de-DE;en-US;Vorige;Previous;PS;BZID
de-DE;en-US;Datumselemente der Änderungsnummer &;Alternative dates for change number &;CA;CCCN
de-DE;en-US;Objektverwaltungsdaten;Object Management Data;CA;CCCN
de-DE;en-US;Planselektion;Task list selection;CA;CCCN
de-DE;en-US;Zuordnung eines Materials zu einem Gültigkeitsprofil;Allocation of a material to an effectivity profile;CA;CCCN
de-DE;en-US;Andere Suchhilfe;Other search help;CA;CCEF
de-DE;en-US;Gültigkeitsbewertung;Parameter variant;CA;CCEF
de-DE;en-US;Suchhilfe Gültigkeit;Effectivity search help;CA;CCEF
de-DE;en-US;Zutreffende Änderungsnummern;Applicable change number;CA;CCEF
de-DE;en-US;Bewertung durch Änderungseinheiten übersteuern;Override Variant with Leading Change Masters;CA;CCPR
de-DE;en-US;Bewertung durch Änderungsnummern übersteuern;Override Variant with Change Numbers;CA;CCPR
de-DE;en-US;Datum durch Änderungseinheiten übersteuern;Override Date with Leading Change Master Records;CA;CCPR
de-DE;en-US;Datum durch Änderungsnummern übersteuern;Override Date with Change Numbers;CA;CCPR
de-DE;en-US;Gültigkeit;Effectivity;CA;CCPR
de-DE;en-US;Gültigkeitsdaten;Validity data;CA;CCPR
de-DE;en-US;Gültigkeitsfilter;Effectivity Filter;CA;CCPR
de-DE;en-US;Gültigkeitsparameter bewerten;Assign Values to Effectivity Parameters;CA;CCPR
de-DE;en-US;Information zum Traceprotokoll;Information on Trace Log;CA;CCPR
de-DE;en-US;Initialisieren;Initialize;CA;CCPR
de-DE;en-US;Legende;Legend;CA;CCPR
de-DE;en-US;Legende anzeigen;Display legend;CA;CCPR
de-DE;en-US;Parameterbewertung initialisieren;Initialize Parameter Variant;CA;CCPR
de-DE;en-US;Standardbewertung;Standard Variant;CA;CCPR
de-DE;en-US;Standardbewertung pflegen;Maintain Standard Variant;CA;CCPR
de-DE;en-US;Technischer Stand;Technical Status;CA;CCPR
de-DE;en-US;Trace Protokoll;Trace Log;CA;CCPR
de-DE;en-US;Vorgaben;Specifications;CA;CCPR
de-DE;en-US;Material zu Gültigkeitsprofil zuordnen;Assign material to effectivity profile;CA;CCZU
de-DE;en-US;Darstellung PSP-Element wählen;Choose Display of WBS Element;PS;CJDW
de-DE;en-US;PSP-Element wählen;Choose WBS Element;PS;CJDW
